Structure of Structure [idcode],Structure,Molecular Formula,OSM ID,MMV ID,PubChem ID Links,PubChem ID,ChEMBL Molecule ID Links,ChEMBL Molecule ID,Internal ID,Series,InChI,InChI-Key,PfaI EC50 (Inh),Pfal IC50 (GSK),Pfal IC50 (Syngene),Pfal IC50 (Dundee),Pfal (3D7) IC50 (Broad),Pfal (Dd2) IC50 (Broad),PfaI EC50 uMol (Mean) Qualifier,PfaI EC50 uMol (Mean),Single Shot Inhibition %,PfATP4 'Test Set',Ion Regulation (ANU),Pb Liver Stage,Cytotox HepG2,Cytotox THP1,hERG pIC50,t1/2 HLM (Monash),t1/2 HLM (Inh),t1/2 MLM (Monash),t1/2 RLM (Inh),t1/2 RLM (Monash),t1/2 HCH (Monash),t1/2 RCH (Monash),CLint HLM (Monash),CLint HLM (Inh),CLint MLM (Monash),CLint RLM (Inh),CLint RLM (Monash),CLint HCH (Monash),CLint RCH (Monash),EH H M'some (Monash),EH M M'some (Monash),EH R M'some (Monash),EH H H'cyte (Monash),EH R H'cyte (Monash),LogD 3.0 (Monash),LogD 7.4 (Monash),Sol 2.0 ug/mL (Monash),Sol 6.5 ug/mL (Monash),Sol 6.8 uM (Inh),Sol 7.4 uM (Inh),cPPB % (Monash),CL Rat (Inh),Vss Rat (Inh),T1/2 Rat (Inh),Tmax Rat (Inh),Oral F Rat (Inh),Dofetilide (Inh),Cerep (Inh),Vivo NOD/SCID ED90,Vivo Parasit Cl,"Aldehyde Oxidase CLint,app (?L/min/mg)"
,,,,,,,,,,,,,,,,,,,,,,,,,,,,,,,,,,,,,,,,,,,,,,,,,,,,,,,,,,,,,,,
fnsha@MFlenB`dDRBS[J{KZ{XiV]EMT@DuUTtL@@,FC(F)OC(C=C1)=CC=C1C2=NN=C3CN(C(CN)=O)CCN32,C14H15F2N5O2,OSM-X-077,MMV668962,"<a href=""https://pubchem.ncbi.nlm.nih.gov/compound/76318580"">76318580</a> ",76318580,"<a href=""https://www.ebi.ac.uk/chembl/compound/inspect/CHEMBL3137579"">CHEMBL3137579</a>",CHEMBL3137579,INHERITED,4,"InChI=1S/C14H15F2N5O2/c15-14(16)23-10-3-1-9(2-4-10)13-19-18-11-8-20(12(22)7-17)5-6-21(11)13/h1-4,14H,5-8,17H2",OUDHTFLYUDWELS-UHFFFAOYSA-N,10,,,,,,,10,,,,,,,,,,,,,,,,,,,,,,,,,,,,,,,,,,,,,,,,,,,
,,,,,,,,,,,,,,,,,,,,,,,,,,,,,,,,,,,,,,,,,,,,,,,,,,,,,,,,,,,,,,,
edZRDC@MCKBl@`IABPFhIjAZ`vhCjBz`^hOj@F`ahDfvUvVyWvUUUDdl|RJAaj`@fjfjjjjjEhFb@G|HMYu`,FC(OC1=CC=C(C2=NN=C3C=NC=C(N32)OCC[C]4[CH]BBBBBBBBBB4)C=C1)F,C16H24N4O2B10F2,OSM-S-418,MMV1576784,"<a href=""https://pubchem.ncbi.nlm.nih.gov/compound/162393112"">162393112</a>",162393112,Not in ChEMBL,Not in ChEMBL,EGT 257-1,4,"InChI=1S/C16H23B10F2N4O2/c27-16(28)34-12-3-1-10(2-4-12)15-31-30-13-8-29-9-14(32(13)15)33-6-5-11-7-17-19-21-23-25-26-24-22-20-18-11/h1-4,7-9,11,16-26H,5-6H2/t11-/m0/s1",ARJLERMARRPHEQ-NSHDSACASA-N,,,,0.05,,,,0.05,,,,,10,,5.44,7,,<2,,,,85,249,,>866,,,,4,0.91,>0.94,,,0.23,,4.4,1.6-3.1,<1.6,,,,,,,,,,,,,
,,,,,,,,,,,,,,,,,,,,,,,,,,,,,,,,,,,,,,,,,,,,,,,,,,,,,,,,,,,,,,,
fewha@CAbgJi`dBRFQQQYYIQQJJFEIg@ecd\xHBjfifjhZ@@,c1cc(c(cc1CCOc2cncc3n2c(nn3)N4CCOCC4)F)F,C17H17N5O2F2,OSM-S-517,MMV1579337,"<a href=""https://pubchem.ncbi.nlm.nih.gov/compound/162345729"">162345729</a>",162345729,Not in ChEMBL,Not in ChEMBL,MK008-20,4,"InChI=1S/C17H17F2N5O2/c18-13-2-1-12(9-14(13)19)3-6-26-16-11-20-10-15-21-22-17(24(15)16)23-4-7-25-8-5-23/h1-2,9-11H,3-8H2",BBKXHWRASNHAOR-UHFFFAOYSA-N,,,,>19,,,,,,,,,,,,,,,,,,,,,,,,,,,,,,,,,,,,,,,,,,,,,,,
,,,,,,,,,,,,,,,,,,,,,,,,,,,,,,,,,,,,,,,,,,,,,,,,,,,,,,,,,,,,,,,
fewHa@MFlW@PRBIAIme]enU{TTk^RT\zh@Ijij@@T@@,c1ccc(cc1)Oc2cncc3n2c(nn3)c4ccc(cc4)OC(F)F,C18H12N4O2F2,OSM-S-579,MMV1581345,"<a href=""https://pubchem.ncbi.nlm.nih.gov/compound/162345742"">162345742</a>",162345742,Not in ChEMBL,Not in ChEMBL,EGT 354-1,4,"InChI=1S/C18H12F2N4O2/c19-18(20)26-14-8-6-12(7-9-14)17-23-22-15-10-21-11-16(24(15)17)25-13-4-2-1-3-5-13/h1-11,18H",UTIUAZFJLHTVFG-UHFFFAOYSA-N,,,,>25,,,,,,,,,,,,,,,,,,,,,,,,,,,,,,,,,,,,,,,,,,,,,,,
,,,,,,,,,,,,,,,,,,,,,,,,,,,,,,,,,,,,,,,,,,,,,,,,,,,,,,,,,,,,,,,
fmoHc@IV\GgPADyA\adbbvRbbTTLJVRfJVbxMVtsUMSL@EUL@@@,c1cc(sc1)CCOc2cncc3n2c(nn3)c4ccc(cc4)OC(F)F,C18H14N4O2F2S,OSM-S-608,MMV1634428,"<a href=""https://pubchem.ncbi.nlm.nih.gov/compound/162345745"">162345745</a>",162345745,Not in ChEMBL,Not in ChEMBL,MK149-1a,4,"InChI=1S/C18H14F2N4O2S/c19-18(20)26-13-5-3-12(4-6-13)17-23-22-15-10-21-11-16(24(15)17)25-8-7-14-2-1-9-27-14/h1-6,9-11,18H,7-8H2",RMZMYNQAPRIYLW-UHFFFAOYSA-N,,,,0.282,,,,,,,,,,,,,,,,,,,,,,,,,,,,,,,,,,,,,,,,,,,,,,,
,,,,,,,,,,,,,,,,,,,,,,,,,,,,,,,,,,,,,,,,,,,,,,,,,,,,,,,,,,,,,,,
fci@`CAbgJ`RAIA\anPrJJKKIJJIQPpiZLxDl\cgA@UTuLuUTM@@@,c1cc(c(cc1CCOc2cncc3n2c(nn3)N4CCC(CC4)(F)F)F)F,C18H17N5OF4,OSM-S-518,MMV1579347,"<a href=""https://pubchem.ncbi.nlm.nih.gov/compound/162345730"">162345730</a>",162345730,Not in ChEMBL,Not in ChEMBL,MK048-1,4,"InChI=1S/C18H17F4N5O/c19-13-2-1-12(9-14(13)20)3-8-28-16-11-23-10-15-24-25-17(27(15)16)26-6-4-18(21,22)5-7-26/h1-2,9-11H,3-8H2",QEKAFCQAHVHCHN-UHFFFAOYSA-N,,,,1.51,,,,1.51,,,,,,,,,,,,,,,,,,,,,,,,,,,,,,,,,,,,,,,,,,,
,,,,,,,,,,,,,,,,,,,,,,,,,,,,,,,,,,,,,,,,,,,,,,,,,,,,,,,,,,,,,,,
fewiA@CAbgJ`RAICHhhlldhheECBds`RqrN\DAUSTsUTM@@@,c1cc(c(cc1CCOc2cncc3n2c(nn3)N4CCCCC4)F)F,C18H19N5OF2,OSM-X-049,MMV669009,"<a href=""https://pubchem.ncbi.nlm.nih.gov/compound/76325850"">76325850</a>",76325850,"<a href=""https://www.ebi.ac.uk/chembl/compound/inspect/CHEMBL3137586"">CHEMBL3137586</a>",CHEMBL3137586,INHERITED,4,"InChI=1S/C18H19F2N5O/c19-14-5-4-13(10-15(14)20)6-9-26-17-12-21-11-16-22-23-18(25(16)17)24-7-2-1-3-8-24/h4-5,10-12H,1-3,6-9H2",ZKHZGOFEMNTIFA-UHFFFAOYSA-N,2.63,,,,,,,2.63,,,,,,,,,,,,,,,,,,,,,,,,,,,,,,,,,,,,,,,,,,,
,,,,,,,,,,,,,,,,,,,,,,,,,,,,,,,,,,,,,,,,,,,,,,,,,,,,,,,,,,,,,,,
fcia@MFlUn@{AHHdDfvUvVyWvUEJwdeWnj@BZjZjjhV@@,c1cc(ccc1c2nnc3n2c(cnc3)OCCN4CCOCC4)OC(F)F,C18H19N5O3F2,OSM-S-498,MMV1577575,"<a href=""https://pubchem.ncbi.nlm.nih.gov/compound/162345725"">162345725</a>",162345725,Not in ChEMBL,Not in ChEMBL,EGT 282-1,4,"InChI=1S/C18H19F2N5O3/c19-18(20)28-14-3-1-13(2-4-14)17-23-22-15-11-21-12-16(25(15)17)27-10-7-24-5-8-26-9-6-24/h1-4,11-12,18H,5-10H2",SBJHRXFPKNPJRB-UHFFFAOYSA-N,,,,>10,,,,,,,,,,,,,,,,,,,,,,,,,,,,,,,,,,,,,,,,,,,,,,,
,,,,,,,,,,,,,,,,,,,,,,,,,,,,,,,,,,,,,,,,,,,,,,,,,,,,,,,,,,,,,,,
eghZDB@NC@hleE`H`bPNdKiCHhhmMihheECBedhpHDUEdMMAADtuLp@UPp@@@,c1cc(c(c(c1)Cl)F)NC(=O)c2cncc3n2c(nn3)c4ccc(cc4)OC(F)F,C19H11N5O2ClF3,OSM-S-204,MMV675946,"<a href=""https://pubchem.ncbi.nlm.nih.gov/compound/127053496"">127053496</a>",127053496,"<a href=""https://www.ebi.ac.uk/chembl/compound/inspect/CHEMBL3832895"">CHEMBL3832895</a>",CHEMBL3832895,,4,"InChI=1S/C19H11ClF3N5O2/c20-12-2-1-3-13(16(12)21)25-18(29)14-8-24-9-15-26-27-17(28(14)15)10-4-6-11(7-5-10)30-19(22)23/h1-9,19H,(H,25,29)",WBRLFZGDBUVKSB-UHFFFAOYSA-N,,,,,,,,,,,,,,,,,,,,,,,,,,,,,,,,,,,,,,,,,,,,,,,,,,,
,,,,,,,,,,,,,,,,,,,,,,,,,,,,,,,,,,,,,,,,,,,,,,,,,,,,,,,,,,,,,,,
eghZDB@AC@hleE`H`bPNdKiCHhhllihheECBedhqpDUEdMMA@TtuLp@UPp@@@,FC(C(Cl)=C1)=CC=C1NC(C2=CN=CC3=NN=C(C4=CC=C(OC(F)F)C=C4)N32)=O,C19H11ClF3N5O2,OSM-S-379,MMV670767,"<a href=""https://pubchem.ncbi.nlm.nih.gov/compound/127053496"">127053496</a>",76318586,"<a href=""https://www.ebi.ac.uk/chembl/compound/inspect/CHEMBL3137631"">CHEMBL3137631</a>",CHEMBL3137631,EGT 141-1,4,"InChI=1S/C19H11ClF3N5O2/c20-13-7-11(3-6-14(13)21)25-18(29)15-8-24-9-16-26-27-17(28(15)16)10-1-4-12(5-2-10)30-19(22)23/h1-9,19H,(H,25,29)",WFJPUMPZNOYIKX-UHFFFAOYSA-N,0.191,,,0.398,,,,0.2945,,B,Yes,,,,,37,,19,,,,,47,,91,,,,,0.65,0.66,,,,,3.1,3.1-6.3,3.1-6.3,,,92.4,,,,,,,,,,
,,,,,,,,,,,,,,,,,,,,,,,,,,,,,,,,,,,,,,,,,,,,,,,,,,,,,,,,,,,,,,,
eghZDB@AC@hleE`I@bPNdKiCHhhllihheECBedhqpDUEdMMA@TtuLp@UPp@@@,FC(F)OC(C=C1)=CC=C1C2=NN=C3C=NC=C(C(NC4=CC=C(F)C(F)=C4)=O)N32,C19H11F4N5O2,OSM-X-031,MMV669850,"<a href=""https://pubchem.ncbi.nlm.nih.gov/compound/76318583"">76318583</a> ",76318583,"<a href=""https://www.ebi.ac.uk/chembl/compound/inspect/CHEMBL3137618"">CHEMBL3137618</a>",CHEMBL3137618,INHERITED,4,"InChI=1S/C19H11F4N5O2/c20-13-6-3-11(7-14(13)21)25-18(29)15-8-24-9-16-26-27-17(28(15)16)10-1-4-12(5-2-10)30-19(22)23/h1-9,19H,(H,25,29)",KKUPIUJNLQIEQB-UHFFFAOYSA-N,0.65,,,,,,,0.65,,,,,,,,,,,,,,,,,,,,,,,,,,,,,,,,,,,,,,,,,,,
,,,,,,,,,,,,,,,,,,,,,,,,,,,,,,,,,,,,,,,,,,,,,,,,,,,,,,,,,,,,,,,
e`\VDJ@JEGDljcC`IABPpdGiCzPrJPqIKJZJIQPpiYJBRIMYUK[UP@TtuLp@UPp@@@,c1cc(ccc1c2nnc3n2c(cnc3)C(=O)Nc4ccnc(c4)C(F)(F)F)OC(F)F,C19H11N6O2F5,OSM-S-175,MMV670944,"<a href=""https://pubchem.ncbi.nlm.nih.gov/compound/76311363"">76311363</a>",76311363,"<a href=""https://www.ebi.ac.uk/chembl/compound/inspect/CHEMBL3137636"">CHEMBL3137636</a>",CHEMBL3137636,AEW 300-1,4,"InChI=1S/C19H11F5N6O2/c20-18(21)32-12-3-1-10(2-4-12)16-29-28-15-9-25-8-13(30(15)16)17(31)27-11-5-6-26-14(7-11)19(22,23)24/h1-9,18H,(H,26,27,31)",UEOZBGRWGZEYED-UHFFFAOYSA-N,0.1404,,,0.451,,,,0.2957,,B,Yes,3.827,10,,5.6,,52,,105,,,,,20,,16,,,,,,,,,2.6,,"25-50, 6.3-12.5","50-100, 6.3-12.5",>200,,73.4,,,,,,,,,,9.8
,,,,,,,,,,,,,,,,,,,,,,,,,,,,,,,,,,,,,,,,,,,,,,,,,,,,,,,,,,,,,,,
ehRVLJDJMOLbfnKK`IABPpdOi@FPhgclbdLTVVTtTRbaaRrTdTrzJZvNj``JZZfX@JhX@@@,c1cc(ccc1c2nnc3n2c(cnc3)C(=O)Nc4ccn(=O)c(c4)C(F)(F)F)OC(F)F,C19H11N6O3F5,OSM-S-411,MMV1557864,"<a href=""https://pubchem.ncbi.nlm.nih.gov/compound/162345719"">162345719</a>",162345719,Not in ChEMBL,Not in ChEMBL,,4,"InChI=1S/C19H11F5N6O3/c20-18(21)33-12-3-1-10(2-4-12)16-28-27-15-9-25-8-13(30(15)16)17(31)26-11-5-6-29(32)14(7-11)19(22,23)24/h1-9,18H,(H,26,31)",HAVDPBNWKHGTHN-UHFFFAOYSA-N,,,,,,,,,,,,,,,,,,,,,,,,,,,,,,,,,,,,,,,,,,,,,,,,,,,
,,,,,,,,,,,,,,,,,,,,,,,,,,,,,,,,,,,,,,,,,,,,,,,,,,,,,,,,,,,,,,,
ek`ZDL@FMO@diI`HcZPNdLbbRfttTRbaaRrThx|rBRzF`BIijY`@ja`@@,c1cc(cc(c1)Cl)NC(=O)c2cncc3n2c(nn3)c4ccc(cc4)OC(F)F,C19H12N5O2ClF2,OSM-S-202,MMV669542,"<a href=""https://pubchem.ncbi.nlm.nih.gov/compound/76329438"">76329438</a>",76329438,"<a href=""https://www.ebi.ac.uk/chembl/compound/inspect/CHEMBL3137610"">CHEMBL3137610</a>",CHEMBL3137610,TM 14,4,"InChI=1S/C19H12ClF2N5O2/c20-12-2-1-3-13(8-12)24-18(28)15-9-23-10-16-25-26-17(27(15)16)11-4-6-14(7-5-11)29-19(21)22/h1-10,19H,(H,24,28)",AJGOFYWOTIIYLR-UHFFFAOYSA-N,0.18,0.242,,,,,,0.211,100,A,Yes,,,45.19,4.89,,13.6,,6,,,,,72,,290,,,,,,,,,,,,,,<2.5,,,,,,,,,,,
,,,,,,,,,,,,,,,,,,,,,,,,,,,,,,,,,,,,,,,,,,,,,,,,,,,,,,,,,,,,,,,
ek`ZDL@NMO@diI`HcZPNdLbbRrTtTRbaaRrThX|rBRzF`@iijY`@ja`@@,c1cc(ccc1c2nnc3n2c(cnc3)C(=O)Nc4ccc(cc4)Cl)OC(F)F,C19H12N5O2ClF2,OSM-S-367,MMV670246,"<a href=""https://pubchem.ncbi.nlm.nih.gov/compound/76318584"">76318584</a>",76318584,"<a href=""https://www.ebi.ac.uk/chembl/compound/inspect/CHEMBL3137620"">CHEMBL3137620</a>",CHEMBL3137620,EGT 95-3,4,"InChI=1S/C19H12ClF2N5O2/c20-12-3-5-13(6-4-12)24-18(28)15-9-23-10-16-25-26-17(27(15)16)11-1-7-14(8-2-11)29-19(21)22/h1-10,19H,(H,24,28)",CAFUHAVOTBMKAN-UHFFFAOYSA-N,5,,,9.791,,,,7.396,,B,No,,,,,164,115,115,113,,,199,11,8.6,15,15,,,2,0.3,0.24,,,0.11,,3.1,3.1-6.3,1.6-3.1,,<2.5,90.3,51.6,5.2,1.6,4,9,,,,,100
,,,,,,,,,,,,,,,,,,,,,,,,,,,,,,,,,,,,,,,,,,,,,,,,,,,,,,,,,,,,,,,
eghZLL@NMO@diBe`H`zPndLbbRrTtTRbatrVReCGdPRPtt@EMMSL`AUE@@@,c1cc(ccc1c2nnc3n2c(c[nH]c3=O)C(=O)Nc4ccc(cc4)Cl)OC(F)F,C19H12N5O3ClF2,OSM-S-410,MMV1557863,"<a href=""https://pubchem.ncbi.nlm.nih.gov/compound/162345718"">162345718</a>",162345718,Not in ChEMBL,Not in ChEMBL,,4,"InChI=1S/C19H12ClF2N5O3/c20-11-3-5-12(6-4-11)24-17(28)14-9-23-18(29)16-26-25-15(27(14)16)10-1-7-13(8-2-10)30-19(21)22/h1-9,19H,(H,23,29)(H,24,28)",SOVUBMPMKMEPEE-UHFFFAOYSA-N,,,,,,,,,,,,,,,,,,,,,,,,,,,,,,,,,,,,,,,,,,,,,,,,,,,
,,,,,,,,,,,,,,,,,,,,,,,,,,,,,,,,,,,,,,,,,,,,,,,,,,,,,,,,,,,,,,,
eghZHJ@C@hlne@I@bPvdCiBzPrJJKKIJJIQPpiYRL\AEQYCSPPEUMSL@ETL@@@,c1cc(c(cc1CCOc2cncc3n2c(nn3)c4ccc(nc4)C(F)(F)F)F)F,C19H12N5OF5,OSM-S-366,MMV670936,"<a href=""https://pubchem.ncbi.nlm.nih.gov/compound/76318587"">76318587</a>",76318587,"<a href=""https://www.ebi.ac.uk/chembl/compound/inspect/CHEMBL3137635"">CHEMBL3137635</a>",CHEMBL3137635,"AEW 296-1, PCCBTAK-0272",4,"InChI=1S/C19H12F5N5O/c20-13-3-1-11(7-14(13)21)5-6-30-17-10-25-9-16-27-28-18(29(16)17)12-2-4-15(26-8-12)19(22,23)24/h1-4,7-10H,5-6H2",GIBSJTKADOSTIA-UHFFFAOYSA-N,0.2621,,,0.521,,,,0.3916,,B,No,,,>50,<4.48,24,,13,,,165,53,71,,132,,,10,15,0.74,0.74,,0.55,0.5,,3.4,3.1-6.3,3.1-6.3,,,76.9,,,,,,,,,,
,,,,,,,,,,,,,,,,,,,,,,,,,,,,,,,,,,,,,,,,,,,,,,,,,,,,,,,,,,,,,,,
fmoIC@ARUFpH`\`nPrJIKJISQI[JIJFcEF}Glx@Ijijh@bE@@@,c1cc(ccc1c2nnc3n2c(cnc3)OCCc4ccc(c(c4)F)F)Cl,C19H13N4OClF2,OSM-S-272,MMV639565,"<a href=""https://pubchem.ncbi.nlm.nih.gov/compound/129012033"">129012033</a>",129012033,"<a href=""https://www.ebi.ac.uk/chembl/compound/inspect/CHEMBL4565262"">CHEMBL4565262</a>",CHEMBL4565262,AEW 302-1,4,"InChI=1S/C19H13ClF2N4O/c20-14-4-2-13(3-5-14)19-25-24-17-10-23-11-18(26(17)19)27-8-7-12-1-6-15(21)16(22)9-12/h1-6,9-11H,7-8H2",PMHUSEXABGDNGS-UHFFFAOYSA-N,0.038,,,0.143,0.0493,0.0447,,0.0905,,B,Yes,,,,,53,,9,,,,52,33,16,193,70,,,7,0.57,0.81,,,0.33,,3.8,1.6-3.1,3.1-6.3,,,95,44,0.9,0.6,,16,28.3,0,6.3,,
,,,,,,,,,,,,,,,,,,,,,,,,,,,,,,,,,,,,,,,,,,,,,,,,,,,,,,,,,,,,,,,
ek`ZLDDC@hleeMc`I@bPVd{lbbbrrRbbTTLJVTXxBJbrFf``JjZfX@Ia`@@,c1cc(ccc1c2nnc3n2c(cnc3)OCCc4ccc(c(c4)F)F)N(=O)=O,C19H13N5O3F2,OSM-S-553,MMV1580438,"<a href=""https://pubchem.ncbi.nlm.nih.gov/compound/162345738"">162345738</a>",162345738,Not in ChEMBL,Not in ChEMBL,MK053-1,4,"InChI=1S/C19H13F2N5O3/c20-15-6-1-12(9-16(15)21)7-8-29-18-11-22-10-17-23-24-19(25(17)18)13-2-4-14(5-3-13)26(27)28/h1-6,9-11H,7-8H2",ANXKNNLWLQBISN-UHFFFAOYSA-N,,,,0.98,,,,0.98,,,,,,,,,,,,,,,,,,,,,,,,,,,,,,,,,,,,,,,,,,,
,,,,,,,,,,,,,,,,,,,,,,,,,,,,,,,,,,,,,,,,,,,,,,,,,,,,,,,,,,,,,,,
fciC@BRUiK`QDyC\adTTVrbTtRVrbRaYsU`iFnB@fjfj`BHT@@,c1cc(c(cc1CCOc2cncc3n2c(nn3)c4ccc(c(c4)N)Cl)F)F,C19H14N5OClF2,OSM-S-548,MMV1580433,"<a href=""https://pubchem.ncbi.nlm.nih.gov/compound/162345734"">162345734</a>",162345734,Not in ChEMBL,Not in ChEMBL,MK065-1,4,"InChI=1S/C19H14ClF2N5O/c20-13-3-2-12(8-16(13)23)19-26-25-17-9-24-10-18(27(17)19)28-6-5-11-1-4-14(21)15(22)7-11/h1-4,7-10H,5-6,23H2",UUAZLIWHOSTWRP-UHFFFAOYSA-N,,,,0.045,,,,0.045,,,,,,,,,,,,,,,,,,,,,,,,,,,,,,,,,,,,,,,,,,,
,,,,,,,,,,,,,,,,,,,,,,,,,,,,,,,,,,,,,,,,,,,,,,,,,,,,,,,,,,,,,,,
fewIA@CAcePI@dadTTVVRTTRbaaRYpIXyGNB@jijY`@F@@@,c1ccc(cc1)c2nnc3n2c(cnc3)OCCc4ccc(c(c4)F)F,C19H14N4OF2,OSM-S-415,MMV1557949,"<a href=""https://pubchem.ncbi.nlm.nih.gov/compound/162345720"">162345720</a>",162345720,Not in ChEMBL,Not in ChEMBL,EGT 249-1; MK009-1,4,"InChI=1S/C19H14F2N4O/c20-15-7-6-13(10-16(15)21)8-9-26-18-12-22-11-17-23-24-19(25(17)18)14-4-2-1-3-5-14/h1-7,10-12H,8-9H2",RGEIFMMWUNGFHD-UHFFFAOYSA-N,,,,2.15,,,,2.15,,,,,,,,,,,,,,,,,,,,,,,,,,,,,,,,,,,,,,,,,,,
,,,,,,,,,,,,,,,,,,,,,,,,,,,,,,,,,,,,,,,,,,,,,,,,,,,,,,,,,,,,,,,
fmoHa@MFlW@PRBIAIme]enU~UEJwdefnj@BZjZh@AP@@,c1ccc(cc1)COc2cncc3n2c(nn3)c4ccc(cc4)OC(F)F,C19H14N4O2F2,OSM-S-368,MMV897697,"<a href=""https://pubchem.ncbi.nlm.nih.gov/compound/162345712"">162345712</a>",162345712,Not in ChEMBL,Not in ChEMBL,EGT 96-1,4,"InChI=1S/C19H14F2N4O2/c20-19(21)27-15-8-6-14(7-9-15)18-24-23-16-10-22-11-17(25(16)18)26-12-13-4-2-1-3-5-13/h1-11,19H,12H2",BHCAOWNYTVGIBQ-UHFFFAOYSA-N,,,,2.239,,,,2.239,,C,Moderate,,,,,,,,,,,,,,,,,,,,,,,,,,,,,,,,,,,,,,,,
,,,,,,,,,,,,,,,,,,,,,,,,,,,,,,,,,,,,,,,,,,,,,,,,,,,,,,,,,,,,,,,
ek`RLL@JEKOHDI`@cZPNdLddLRbTTTrtNVrTTBl|RjzFVij`Y`@@jf@@@,FC(F)OC(C=C1)=CC=C1C2=NN=C3C=NC=C(S(CC4=CC=CC=C4)(=O)=O)N32,C20H16F2N4O3S,OSM-S-361,MMV693163,"<a href=""https://pubchem.ncbi.nlm.nih.gov/compound/162345711"">162345711</a> ",162345711,Not in ChEMBL,Not in ChEMBL,EGT 39-1,4,"InChI=1S/C19H14F2N4O3S/c20-19(21)28-15-8-6-14(7-9-15)18-24-23-16-10-22-11-17(25(16)18)29(26,27)12-13-4-2-1-3-5-13/h1-11,19H,12H2",OCXPXTXAACVDON-UHFFFAOYSA-N,,,>10,,,,,,,,,,,,,,,,,,,,,,,,,,,,,,,,,,,,,,,,,,,,,,,,
,,,,,,,,,,,,,,,,,,,,,,,,,,,,,,,,,,,,,,,,,,,,,,,,,,,,,,,,,,,,,,,
fciC@CAcfZ`RAIC\adTTVVRTTRbaaRaYpIXyFnB@jijY`BHX@@,c1cc(c(cc1CCOc2cncc3n2c(nn3)c4ccc(c(c4)N)F)F)F,C19H14N5OF3,OSM-S-585,MMV1581334,"<a href=""https://pubchem.ncbi.nlm.nih.gov/compound/162345743"">162345743</a>",162345743,Not in ChEMBL,Not in ChEMBL,MK082-1,4,"InChI=1S/C19H14F3N5O/c20-13-3-1-11(7-15(13)22)5-6-28-18-10-24-9-17-25-26-19(27(17)18)12-2-4-14(21)16(23)8-12/h1-4,7-10H,5-6,23H2",VZPHEOZUAXBEIA-UHFFFAOYSA-N,,,,0.813,,,,0.813,,,,,,,,,,,,,,,,,,,,,,,,,,,,,,,,,,,,,,,,,,,
,,,,,,,,,,,,,,,,,,,,,,,,,,,,,,,,,,,,,,,,,,,,,,,,,,,,,,,,,,,,,,,
ek`ZDL@JMCKB`f`IABPpdLbdLRVTRfbRvfbRDdl|RJvNj`@fjfjh@ARBj`@,OC(C1=CC=CC=C1)COC2=CN=CC3=NN=C(C4=CN=C(C(F)(F)F)C=C4)N32,C19H14F3N5O2,OSM-S-278,MMV688895,Not Found,Not Found,Not in ChEMBL,Not in ChEMBL,EGT 137-1,4,"InChI=1S/C19H14F3N5O2/c20-19(21,22)15-7-6-13(8-24-15)18-26-25-16-9-23-10-17(27(16)18)29-11-14(28)12-4-2-1-3-5-12/h1-10,14,28H,11H2/t14-/m0/s1",YUTTVQUFLHMVCQ-AWEZNQCLSA-N,,,,4.867,,,,4.867,,B,Moderate,,,,,50,,15,,,,,35,,117,,,,,0.58,0.72,,,,,2.5,25-50,50-100,,,38.1,,,,,,,,,,
,,,,,,,,,,,,,,,,,,,,,,,,,,,,,,,,,,,,,,,,,,,,,,,,,,,,,,,,,,,,,,,
figIB@ARUFpHaIe]enU}eZLT[t^c`@fjfj`@E@@@,c1ccc(cc1)CCOc2cncc3n2c(nn3)c4ccc(cc4)Cl,C19H15N4OCl,OSM-S-293,MMV663915,"<a href=""https://pubchem.ncbi.nlm.nih.gov/compound/127053493"">127053493</a>",127053493,"<a href=""https://www.ebi.ac.uk/chembl/compound/inspect/CHEMBL3832883"">CHEMBL3832883</a>",CHEMBL3832883,SSP-4; EGT 90-1; SSP 2019C2; SSP_2020_6d,4,"InChI=1S/C19H15ClN4O/c20-16-8-6-15(7-9-16)19-23-22-17-12-21-13-18(24(17)19)25-11-10-14-4-2-1-3-5-14/h1-9,12-13H,10-11H2",VURCFSOLNXCMTN-UHFFFAOYSA-N,,,0.0574,,,,,0.0574,,B,Yes,,,,,18,,5,,,,,94,,319,,,,,0.79,0.87,,,,,3.8,6.3-12.5,6.3-12.5,,,93.8,,,,,,,,,,
,,,,,,,,,,,,,,,,,,,,,,,,,,,,,,,,,,,,,,,,,,,,,,,,,,,,,,,,,,,,,,,
figIB@NBUFpHcHhheEeCDelhdfRT[t^c``Xjfj`@E@@@,c1ccc(cc1)CCOc2cncc3n2c(nn3)c4ccccc4Cl,C19H15N4OCl,OSM-S-291,MMV689968,"<a href=""https://pubchem.ncbi.nlm.nih.gov/compound/127053486"">127053486</a>",127053486,"<a href=""https://www.ebi.ac.uk/chembl/compound/inspect/CHEMBL3832886"">CHEMBL3832886</a>",CHEMBL3832886,,4,"InChI=1S/C19H15ClN4O/c20-16-9-5-4-8-15(16)19-23-22-17-12-21-13-18(24(17)19)25-11-10-14-6-2-1-3-7-14/h1-9,12-13H,10-11H2",KVOZVIJYWCGSOW-UHFFFAOYSA-N,,,,,,,,,,,,,,,,,,,,,,,,,,,,,,,,,,,,,,,,,,,,,,,,,,,
,,,,,,,,,,,,,,,,,,,,,,,,,,,,,,,,,,,,,,,,,,,,,,,,,,,,,,,,,,,,,,,
fmoiA@CAcfZ`RAICHhhlldhheECBeF\BVNQk``JjZfX@`X@@,c1cc(cc(c1)N)c2nnc3n2c(cnc3)OCCc4ccc(c(c4)F)F,C19H15N5OF2,OSM-S-549,MMV1580434,"<a href=""https://pubchem.ncbi.nlm.nih.gov/compound/162345735"">162345735</a>",162345735,Not in ChEMBL,Not in ChEMBL,MK067-1,4,"InChI=1S/C19H15F2N5O/c20-15-5-4-12(8-16(15)21)6-7-27-18-11-23-10-17-24-25-19(26(17)18)13-2-1-3-14(22)9-13/h1-5,8-11H,6-7,22H2",CQZOPOXKTPBXOH-UHFFFAOYSA-N,,,,2.8,,,,2.8,,,,,,,,,,,,,,,,,,,,,,,,,,,,,,,,,,,,,,,,,,,
,,,,,,,,,,,,,,,,,,,,,,,,,,,,,,,,,,,,,,,,,,,,,,,,,,,,,,,,,,,,,,,
fmoiA@CAceZ`RAICHhhlldhheECBef\BVNQs``JjZfX@HX@@,c1cc(ccc1c2nnc3n2c(cnc3)OCCc4ccc(c(c4)F)F)N,C19H15N5OF2,OSM-S-526,MMV1579342,"<a href=""https://pubchem.ncbi.nlm.nih.gov/compound/162345731"">162345731</a>",162345731,Not in ChEMBL,Not in ChEMBL,MK041-1,4,"InChI=1S/C19H15F2N5O/c20-15-6-1-12(9-16(15)21)7-8-27-18-11-23-10-17-24-25-19(26(17)18)13-2-4-14(22)5-3-13/h1-6,9-11H,7-8,22H2",PGJZGRJIPPSPJV-UHFFFAOYSA-N,,,,13,,,,13,,,,,,,,,,,,,,,,,,,,,,,,,,,,,,,,,,,,,,,,,,,
,,,,,,,,,,,,,,,,,,,,,,,,,,,,,,,,,,,,,,,,,,,,,,,,,,,,,,,,,,,,,,,
fmoiA@MFlDn@RBIAIme]enU~UEJwdefnj@BZjZh@AP@@,c1ccc(cc1)CNc2cncc3n2c(nn3)c4ccc(cc4)OC(F)F,C19H15N5OF2,OSM-S-638,MMV1634424,"<a href=""https://pubchem.ncbi.nlm.nih.gov/compound/162345747"">162345747</a>",162345747,Not in ChEMBL,Not in ChEMBL,DGS 94-1,4,"InChI=1S/C19H15F2N5O/c20-19(21)27-15-8-6-14(7-9-15)18-25-24-17-12-22-11-16(26(17)18)23-10-13-4-2-1-3-5-13/h1-9,11-12,19,23H,10H2",GWROJQFCRZTYNJ-UHFFFAOYSA-N,,,,>25,,,,,,,,,,,,,,,,,,,,,,,,,,,,,,,,,,,,,,,,,,,,,,,
,,,,,,,,,,,,,,,,,,,,,,,,,,,,,,,,,,,,,,,,,,,,,,,,,,,,,,,,,,,,,,,
eghZLL@LMCKBhD@`@cZPndLddlRVTRfbRvTRTHdegbQRqrt@DuTuT@QB`@@,c1cc(ccc1c2nnc3n2c(cnc3)OCCc4ccc(c(c4)F)F)S(=O)(=O)N,C19H15N5O3F2S,OSM-S-506,MMV1577569,"<a href=""https://pubchem.ncbi.nlm.nih.gov/compound/162345727"">162345727</a>",162345727,Not in ChEMBL,Not in ChEMBL,MK029-1,4,"InChI=1S/C19H15F2N5O3S/c20-15-6-1-12(9-16(15)21)7-8-29-18-11-23-10-17-24-25-19(26(17)18)13-2-4-14(5-3-13)30(22,27)28/h1-6,9-11H,7-8H2,(H2,22,27,28)",LAEXWQNXYFZJGR-UHFFFAOYSA-N,,,,>10,,,,,,,,,,,,,,,,,,,,,,,,,,,,,,,,,,,,,,,,,,,,,,,
,,,,,,,,,,,,,,,,,,,,,,,,,,,,,,,,,,,,,,,,,,,,,,,,,,,,,,,,,,,,,,,
fcha@MFlUn@`dDRBS[J{K\k{Jbe[rRkwU@AMUMUUTK@@@,c1cc(ccc1c2nnc3n2c(cnc3)OCCN4CCCCC4)OC(F)F,C19H21N5O2F2,OSM-S-499,MMV1577576,"<a href=""https://pubchem.ncbi.nlm.nih.gov/compound/162345726"">162345726</a>",162345726,Not in ChEMBL,Not in ChEMBL,EGT 283-1,4,"InChI=1S/C19H21F2N5O2/c20-19(21)28-15-6-4-14(5-7-15)18-24-23-16-12-22-13-17(26(16)18)27-11-10-25-8-2-1-3-9-25/h4-7,12-13,19H,1-3,8-11H2",VHKQNGVJPUDTLR-UHFFFAOYSA-N,,,,>10,,,,,,,,,,,,,,,,,,,,,,,,,,,,,,,,,,,,,,,,,,,,,,,
,,,,,,,,,,,,,,,,,,,,,,,,,,,,,,,,,,,,,,,,,,,,,,,,,,,,,,,,,,,,,,,
ek`VHD@MKHdbce@I@bPrJJKKJYQQJJFEKIcbJiHjYZB@ijZfX@KF@@@,c1cc(ccc1C#N)c2nnc3n2c(cnc3)NC(=O)Cc4ccc(c(c4)F)F,C20H12N6OF2,OSM-W-006,N/A,"<a href=""https://pubchem.ncbi.nlm.nih.gov/compound/162345749"">162345749</a>",162345749,Not in ChEMBL,Not in ChEMBL,JH-5-2,4,"InChI=1S/C20H12F2N6O/c21-15-6-3-13(7-16(15)22)8-19(29)25-17-10-24-11-18-26-27-20(28(17)18)14-4-1-12(9-23)2-5-14/h1-7,10-11H,8H2,(H,25,29)",WXNSEGHVFXDZGF-UHFFFAOYSA-N,,,,,2.931,5.418,,4.174,,,,,,,,,,,,,,,,,,,,,,,,,,,,,,,,,,,,,,,,,,,
,,,,,,,,,,,,,,,,,,,,,,,,,,,,,,,,,,,,,,,,,,,,,,,,,,,,,,,,,,,,,,,
eodRLB@KHdbiMM`I@bPndGiCHhhlmLeEDhhXTleFNHjdbiehHBZijY`@ja`@@,c1cc(ccc1c2nnc3n2c(cnc3)OCC(=O)c4ccc(c(c4)F)F)OC(F)F,C20H12N4O3F4,OSM-S-392,MMV1557932,"<a href=""https://pubchem.ncbi.nlm.nih.gov/compound/162345716"">162345716</a>",162345716,Not in ChEMBL,Not in ChEMBL,EGT 190-3,4,"InChI=1S/C20H12F4N4O3/c21-14-6-3-12(7-15(14)22)16(29)10-30-18-9-25-8-17-26-27-19(28(17)18)11-1-4-13(5-2-11)31-20(23)24/h1-9,20H,10H2",OPCIMEMUOABUMK-UHFFFAOYSA-N,,,,0.832,,,,0.832,,,,,,,,,,,,,,,,,,,,,,,,,,,,,,,,,,,,,,,,,,,
,,,,,,,,,,,,,,,,,,,,,,,,,,,,,,,,,,,,,,,,,,,,,,,,,,,,,,,,,,,,,,,
eodRDJ@DJFAEF`HaZPNdKiAzPRYYUueUyU[mc`RRKH[ZZYjhHHBBbjP@@@,c1cc(ccc1c2nnc3n2c(cnc3Cl)OCCc4ccc(c(c4)F)F)OC(F)F,C20H13N4O2ClF4,OSM-X-007,MMV668823,"<a href=""https://pubchem.ncbi.nlm.nih.gov/compound/76311350"">76311350</a>",76311350,"<a href=""https://www.ebi.ac.uk/chembl/compound/inspect/CHEMBL3137570"">CHEMBL3137570</a>",CHEMBL3137570,,4,"InChI=1S/C20H13ClF4N4O2/c21-17-19-28-27-18(12-2-4-13(5-3-12)31-20(24)25)29(19)16(10-26-17)30-8-7-11-1-6-14(22)15(23)9-11/h1-6,9-10,20H,7-8H2",FOQQXRIKYKUBGB-UHFFFAOYSA-N,,,,,,,,,,,,,,,,,,,,,,,,,,,,,,,,,,,,,,,,,,,,,,,,,,,
,,,,,,,,,,,,,,,,,,,,,,,,,,,,,,,,,,,,,,,,,,,,,,,,,,,,,,,,,,,,,,,
fciA@CAcgZ`RAICHhhlldhheECBeds`RqrN\DAUSTs@AXp@@,c1cc(ccc1C#N)c2nnc3n2c(cnc3)OCCc4ccc(c(c4)F)F,C20H13N5OF2,OSM-W-009,N/A,"<a href=""https://pubchem.ncbi.nlm.nih.gov/compound/162345750"">162345750</a>",162345750,Not in ChEMBL,Not in ChEMBL,KH-11-1,4,"InChI=1S/C20H13F2N5O/c21-16-6-3-13(9-17(16)22)7-8-28-19-12-24-11-18-25-26-20(27(18)19)15-4-1-14(10-23)2-5-15/h1-6,9,11-12H,7-8H2",QCWAKDMVWCGQRY-UHFFFAOYSA-N,,,,,0.294,0.264,,0.279,,,,,,,,,,,,,,,,,,,,,,,,,,,,,,,,,,,,,,,,,,,
,,,,,,,,,,,,,,,,,,,,,,,,,,,,,,,,,,,,,,,,,,,,,,,,,,,,,,,,,,,,,,,
eodZDB@IKHdbmM`I@bPndGiCHhhlleMEDhhXTleFNHjdbiehHBiijY`@ja`@@,c1cc(ccc1c2nnc3n2c(cnc3)C(=O)NCc4ccc(c(c4)F)F)OC(F)F,C20H13N5O2F4,OSM-X-012,MMV669543,"<a href=""https://pubchem.ncbi.nlm.nih.gov/compound/76333082"">76333082</a>",76333082,"<a href=""https://www.ebi.ac.uk/chembl/compound/inspect/CHEMBL3137611"">CHEMBL3137611</a>",CHEMBL3137611,INHERITED,4,"InChI=1S/C20H13F4N5O2/c21-14-6-1-11(7-15(14)22)8-26-19(30)16-9-25-10-17-27-28-18(29(16)17)12-2-4-13(5-3-12)31-20(23)24/h1-7,9-10,20H,8H2,(H,26,30)",WYPSTIZOCCDRJV-UHFFFAOYSA-N,0.28,,,,,,,0.28,,,,,,,,,,,,,,,,,,,,,,,,,,,,,,,,,,,,,,,,,,,
,,,,,,,,,,,,,,,,,,,,,,,,,,,,,,,,,,,,,,,,,,,,,,,,,,,,,,,,,,,,,,,
eodRDJ@KHdbmM`I@bPddKiAzPrJJKKSIQQJJFEKIQcbJiHjYZB@jjZfX@JhX`DH@@,FC(F)OC(C=C1)=CC=C1C2=NN=C3C=NC=C(OCC(F)C4=CC=C(F)C(F)=C4)N32,C20H13N4O2F5,OSM-X-003,MMV672936,"<a href=""https://pubchem.ncbi.nlm.nih.gov/compound/76314948"">76314948</a>",76314948,"<a href=""https://www.ebi.ac.uk/chembl/compound/inspect/CHEMBL3137561"">CHEMBL3137561</a>",CHEMBL3137561,INHERITED,4,"InChI=1S/C20H13F5N4O2/c21-14-6-3-12(7-15(14)22)16(23)10-30-18-9-26-8-17-27-28-19(29(17)18)11-1-4-13(5-2-11)31-20(24)25/h1-9,16,20H,10H2/t16-/m0/s1",LWSXCRQHVHDFGX-INIZCTEOSA-N,0.06536,,,,,,,0.06536,,,,,,,,,,,,,,,,,,,,,,,,,,,,,,,,,,,,,,,,,,,
,,,,,,,,,,,,,,,,,,,,,,,,,,,,,,,,,,,,,,,,,,,,,,,,,,,,,,,,,,,,,,,
fmoqC@AFcXDPNPWHYEDeeEDhlmeDeCQfc^cv\@EMTuT@QB`@@,c1cc(ccc1c2cnc3n2c(cnc3)OCCc4ccc(c(c4)F)F)Cl,C20H14N3OClF2,OSM-S-273,MMV669846,"<a href=""https://pubchem.ncbi.nlm.nih.gov/compound/76314953"">76314953</a>",76314953,"<a href=""https://www.ebi.ac.uk/chembl/compound/inspect/CHEMBL3137615"">CHEMBL3137615</a>",CHEMBL3137615,INHERITED,4,"InChI=1S/C20H14ClF2N3O/c21-15-4-2-14(3-5-15)18-10-25-19-11-24-12-20(26(18)19)27-8-7-13-1-6-16(22)17(23)9-13/h1-6,9-12H,7-8H2",MQHQNFQVEXYAMO-UHFFFAOYSA-N,0.11,,,,,,,0.11,,,,,,,,,,,,,,,,55,,,,,,,,,,,,,,,,,,,,,,,,,,,3.1
,,,,,,,,,,,,,,,,,,,,,,,,,,,,,,,,,,,,,,,,,,,,,,,,,,,,,,,,,,,,,,,
fmoqC@ARcXDPNPWHYEDeeDihdmeDeCQbc^cv\@DuTuT@QB`@@,c1cc(ccc1c2ncc3n2c(cnc3)OCCc4ccc(c(c4)F)F)Cl,C20H14N3OClF2,OSM-S-274,MMV670250,"<a href=""https://pubchem.ncbi.nlm.nih.gov/compound/76311361"">76311361</a>",76311361,"<a href=""https://www.ebi.ac.uk/chembl/compound/inspect/CHEMBL3137622"">CHEMBL3137622</a>",CHEMBL3137622,INHERITED,4,"InChI=1S/C20H14ClF2N3O/c21-15-4-2-14(3-5-15)20-25-11-16-10-24-12-19(26(16)20)27-8-7-13-1-6-17(22)18(23)9-13/h1-6,9-12H,7-8H2",JHORUMGXLQTHAD-UHFFFAOYSA-N,0.83,,,,,,,0.83,,,,,,,,,4.3,,<3,,,,,200,,>500,,,,,,,,,,,,,,,,,,,,,,,,,
,,,,,,,,,,,,,,,,,,,,,,,,,,,,,,,,,,,,,,,,,,,,,,,,,,,,,,,,,,,,,,,
eghZDL@NC@hleE`H`zPndLbbbTNfbbTTLJVRc@`QTVPttADSSTs@AUC@@@,Cc1c(cccc1Cl)NC(=O)c2cncc3n2c(nn3)c4ccc(cc4)OC(F)F,C20H14N5O2ClF2,OSM-S-201,MMV675718,"<a href=""https://pubchem.ncbi.nlm.nih.gov/compound/162345707"">162345707</a>",162345707,Not in ChEMBL,Not in ChEMBL,TM 9-2,4,"InChI=1S/C20H14ClF2N5O2/c1-11-14(21)3-2-4-15(11)25-19(29)16-9-24-10-17-26-27-18(28(16)17)12-5-7-13(8-6-12)30-20(22)23/h2-10,20H,1H3,(H,25,29)",IVENWLQUYSRINV-UHFFFAOYSA-N,>5,>5,,4.191,,,>,4.191,0,B,No,,,5.138,5.12,15,,10,,,,,114,,166,,,,,0.82,0.78,,,,,3.1,12.5-25,12.5-25,,,85.8,,,,,,,,,,
,,,,,,,,,,,,,,,,,,,,,,,,,,,,,,,,,,,,,,,,,,,,,,,,,,,,,,,,,,,,,,,
eghZDL@AC@hleE`H`zPndLbbRaRfbbTTLJVReC@QTVPtt@ESSTs@AUC@@@,c1cc(cc(c1)Cl)CNC(=O)c2cncc3n2c(nn3)c4ccc(cc4)OC(F)F,C20H14N5O2ClF2,OSM-S-176,MMV668958,"<a href=""https://pubchem.ncbi.nlm.nih.gov/compound/76311352"">76311352</a>",76311352,"<a href=""https://www.ebi.ac.uk/chembl/compound/inspect/CHEMBL3137575"">CHEMBL3137575</a>",CHEMBL3137575,INHERITED,4,"InChI=1S/C20H14ClF2N5O2/c21-14-3-1-2-12(8-14)9-25-19(29)16-10-24-11-17-26-27-18(28(16)17)13-4-6-15(7-5-13)30-20(22)23/h1-8,10-11,20H,9H2,(H,25,29)",YTUMNGGXAMTEHR-UHFFFAOYSA-N,0.25,,,,,,,0.25,,,,,,,,11,20,6,,,,,154,50,274,,,,,0.86,0.85,,,,2.9,2.9,12.5-25,12.5-25,54,,,,,,,,,,,,
,,,,,,,,,,,,,,,,,,,,,,,,,,,,,,,,,,,,,,,,,,,,,,,,,,,,,,,,,,,,,,,
ekhRLD@C@hleNm`I@bPrJJKKIJJIQPpqIQc`HjKJXy[ZB@jijY``hFH@@,FC1=C(F)C=C(CCOC2=CN=CC(N23)=NN=C3C4=C5C(OCO5)=CC=C4)C=C1,C20H14F2N4O3,OSM-S-662,MMV1794874,Not Found,Not Found,Not in ChEMBL,Not in ChEMBL,MK167-1,4,"InChI=1S/C20H14F2N4O3/c21-14-5-4-12(8-15(14)22)6-7-27-18-10-23-9-17-24-25-20(26(17)18)13-2-1-3-16-19(13)29-11-28-16/h1-5,8-10H,6-7,11H2",GDVWTTMGYDZCGA-UHFFFAOYSA-N,,,,1.71,,,,,,,,,,,,,,,,,,,,,,,,,,,,,,,,,,,,,,,,,,,,,,,
,,,,,,,,,,,,,,,,,,,,,,,,,,,,,,,,,,,,,,,,,,,,,,,,,,,,,,,,,,,,,,,
ek`RLD@C@hleMc`I@bPrJJKKIJJIQPpiSQc`HjKHYZB@jijY`BFF@@@,c1cc(cc(c1)C(=O)O)c2nnc3n2c(cnc3)OCCc4ccc(c(c4)F)F,C20H14N4O3F2,OSM-S-552,MMV1580437,"<a href=""https://pubchem.ncbi.nlm.nih.gov/compound/162345737"">162345737</a>",162345737,Not in ChEMBL,Not in ChEMBL,"MK070-1, MK070-2",4,"InChI=1S/C20H14F2N4O3/c21-15-5-4-12(8-16(15)22)6-7-29-18-11-23-10-17-24-25-19(26(17)18)13-2-1-3-14(9-13)20(27)28/h1-5,8-11H,6-7H2,(H,27,28)",GYFXXYGBOJTVGJ-UHFFFAOYSA-N,,,,>25,,,,,,,,,,,,,,,,,,,,,,,,,,,,,,,,,,,,,,,,,,,,,,,
,,,,,,,,,,,,,,,,,,,,,,,,,,,,,,,,,,,,,,,,,,,,,,,,,,,,,,,,,,,,,,,
ek`RLD@C@hleMc`I@bPrJJKKIJJIQPpiYQc`HjKHZZB@jijY`@fF@@@,c1cc(ccc1c2nnc3n2c(cnc3)OCCc4ccc(c(c4)F)F)C(=O)O,C20H14N4O3F2,OSM-S-551,MMV1580436,"<a href=""https://pubchem.ncbi.nlm.nih.gov/compound/162345736"">162345736</a>",162345736,Not in ChEMBL,Not in ChEMBL,MK069-1,4,"InChI=1S/C20H14F2N4O3/c21-15-6-1-12(9-16(15)22)7-8-29-18-11-23-10-17-24-25-19(26(17)18)13-2-4-14(5-3-13)20(27)28/h1-6,9-11H,7-8H2,(H,27,28)",UMTJNRMURJHRAT-UHFFFAOYSA-N,,,,>25,,,,,,,,,,,,,,,,,,,,,,,,,,,,,,,,,,,,,,,,,,,,,,,
,,,,,,,,,,,,,,,,,,,,,,,,,,,,,,,,,,,,,,,,,,,,,,,,,,,,,,,,,,,,,,,
ek`RLD@MCKBl@f`IABPR[YWY[e_nUDdl|RJvNj`@fjfjX@AP@@,c1ccc(cc1)C(=O)COc2cncc3n2c(nn3)c4ccc(cc4)OC(F)F,C20H14N4O3F2,OSM-S-400,MMV1557940,"<a href=""https://pubchem.ncbi.nlm.nih.gov/compound/162345717"">162345717</a>",162345717,Not in ChEMBL,Not in ChEMBL,EGT 225-1,4,"InChI=1S/C20H14F2N4O3/c21-20(22)29-15-8-6-14(7-9-15)19-25-24-17-10-23-11-18(26(17)19)28-12-16(27)13-4-2-1-3-5-13/h1-11,20H,12H2",MQSMCJANEPVRGE-UHFFFAOYSA-N,,,,1.37,,,,1.37,,,,,,,,,,,,,,,,,,,,,,,,,,,,,,,,,,,,,,,,,,,
,,,,,,,,,,,,,,,,,,,,,,,,,,,,,,,,,,,,,,,,,,,,,,,,,,,,,,,,,,,,,,,
ekhVHD@C@hlime@I@bPrJJKKIJJIQPpiSIc`HjKHY[XzB@jijY`BJFD@@,c1cc(c(cc1CCOc2cncc3n2c(nn3)c4ccc5cn[nH]c5c4)F)F,C20H14N6OF2,OSM-S-546,MMV1580431,"<a href=""https://pubchem.ncbi.nlm.nih.gov/compound/162345733"">162345733</a>",162345733,Not in ChEMBL,Not in ChEMBL,MK063-1,4,"InChI=1S/C20H14F2N6O/c21-15-4-1-12(7-16(15)22)5-6-29-19-11-23-10-18-26-27-20(28(18)19)13-2-3-14-9-24-25-17(14)8-13/h1-4,7-11H,5-6H2,(H,24,25)",CGVAIQJJRYJQMC-UHFFFAOYSA-N,,,,0.434,,,,0.434,,,,,,,,,,,,,,,,,,,,,,,,,,,,,,,,,,,,,,,,,,,
,,,,,,,,,,,,,,,,,,,,,,,,,,,,,,,,,,,,,,,,,,,,,,,,,,,,,,,,,,,,,,,
eghRDB@CGDbeE`I@bPNdKiAIf]uYVy{WVXx|bRJFf``Jiiid@Jhh@@@,c1cc(ccc1c2nnc3n2nc(cc3)OCCc4ccc(c(c4)F)F)OC(F)F,C20H14N4O2F4,OSM-X-061,MMV672939,"<a href=""https://pubchem.ncbi.nlm.nih.gov/compound/76322230"">76322230</a>",76322230,"<a href=""https://www.ebi.ac.uk/chembl/compound/inspect/CHEMBL3137563"">CHEMBL3137563</a>",CHEMBL3137563,INHERITED,4,"InChI=1S/C20H14F4N4O2/c21-15-6-1-12(11-16(15)22)9-10-29-18-8-7-17-25-26-19(28(17)27-18)13-2-4-14(5-3-13)30-20(23)24/h1-8,11,20H,9-10H2",POGWIRSWBGSGTG-UHFFFAOYSA-N,6.779,,,,,,,6.779,,,,,,,,,,,,,,,,,,,,,,,,,,,,,,,,,,,,,,,,,,,
,,,,,,,,,,,,,,,,,,,,,,,,,,,,,,,,,,,,,,,,,,,,,,,,,,,,,,,,,,,,,,,
eghRDB@C@hleE`I@bPNdKiCHhhlldhheECBedhqpDUEdMMA@UTuLp@UPp@@@,c1cc(ccc1c2nnc3n2c(cnc3)OCCc4ccc(c(c4)F)F)OC(F)F,C20H14N4O2F4,OSM-S-260,MMV675960,"<a href=""https://pubchem.ncbi.nlm.nih.gov/compound/162345708"">162345708</a>",162345708,Not in ChEMBL,Not in ChEMBL,JU 22-1,4,"InChI=1S/C20H14F4N4O2/c21-15-6-1-12(9-16(15)22)7-8-29-18-11-25-10-17-26-27-19(28(17)18)13-2-4-14(5-3-13)30-20(23)24/h1-6,9-11,20H,7-8H2",DEEWBVYNQGALDU-UHFFFAOYSA-N,,,0.281,,,,,0.281,,,,,,,,,,,,,,,,,,,,,,,,,,,,,,,,,,,,,,,,,,,
,,,,,,,,,,,,,,,,,,,,,,,,,,,,,,,,,,,,,,,,,,,,,,,,,,,,,,,,,,,,,,,
eghRDB@CODleE`I@bPNdKiCHhhlldhddeCDedhqqxDedMMA@UTmRp@UQP@@@,c1cc(ccc1c2nnc3n2cc(nc3)OCCc4ccc(c(c4)F)F)OC(F)F,C20H14N4O2F4,OSM-X-001,MMV670945,"<a href=""https://pubchem.ncbi.nlm.nih.gov/compound/76325857"">76325857</a>",76325857,"<a href=""https://www.ebi.ac.uk/chembl/compound/inspect/CHEMBL3137637"">CHEMBL3137637</a>",CHEMBL3137637,INHERITED,4,"InChI=1S/C20H14F4N4O2/c21-15-6-1-12(9-16(15)22)7-8-29-18-11-28-17(10-25-18)26-27-19(28)13-2-4-14(5-3-13)30-20(23)24/h1-6,9-11,20H,7-8H2",PHGWNHSKOAAQGR-UHFFFAOYSA-N,0.03382,,,,,,,0.03382,,,,,,,,,,,,,,,,8,,100,,,,,,,,,,,,,,,,,,,,,,,,,
,,,,,,,,,,,,,,,,,,,,,,,,,,,,,,,,,,,,,,,,,,,,,,,,,,,,,,,,,,,,,,,
eodRLB@C@hleJm`I@bPndGiCHhhlldhheECidleFN@dhliehHBjfifP@jb`@@,c1cc(ccc1c2nnc3n2c(c[nH]c3=O)OCCc4ccc(c(c4)F)F)OC(F)F,C20H14N4O3F4,OSM-X-055,MMV669025,"<a href=""https://pubchem.ncbi.nlm.nih.gov/compound/76336712"">76336712</a>",76336712,"<a href=""https://www.ebi.ac.uk/chembl/compound/inspect/CHEMBL3137594"">CHEMBL3137594</a>",CHEMBL3137594,INHERITED,4,"InChI=1S/C20H14F4N4O3/c21-14-6-1-11(9-15(14)22)7-8-30-16-10-25-19(29)18-27-26-17(28(16)18)12-2-4-13(5-3-12)31-20(23)24/h1-6,9-10,20H,7-8H2,(H,25,29)",ZXMYJCVYBZFJIJ-UHFFFAOYSA-N,4.13,,,,,,,4.13,,,,,,,,,,,,,,,,,,,,,,,,,,,,,,,,,,,,,,,,,,,
,,,,,,,,,,,,,,,,,,,,,,,,,,,,,,,,,,,,,,,,,,,,,,,,,,,,,,,,,,,,,,,
eodRLB@KHdbiMM`I@bPndGiCHhhlmLeEDhhXTleFNHjdbiehHBjijY`@jab@P`@,FC(OC1=CC=C(C2=NN=C3C=NC=C(N32)OCC(C4=CC(F)=C(C=C4)F)O)C=C1)F,C20H14N4O3F4,OSM-S-390,MMV672687,"<a href=""https://pubchem.ncbi.nlm.nih.gov/compound/76311347"">76311347</a>",76311347,"<a href=""https://www.ebi.ac.uk/chembl/compound/inspect/CHEMBL3137553"">CHEMBL3137553</a>",CHEMBL3137553,EGT 171-1,4,"InChI=1S/C20H14F4N4O3/c21-14-6-3-12(7-15(14)22)16(29)10-30-18-9-25-8-17-26-27-19(28(17)18)11-1-4-13(5-2-11)31-20(23)24/h1-9,16,20,29H,10H2/t16-/m0/s1",BXEWPSCIVPVASC-INIZCTEOSA-N,0.124,,,0.074,,,,0.099,,B,Yes,,,,,45,,10,,,,,38,,170,,,,,0.6,0.79,,,,,3.1,12.5-25,12.5-25,,,81.5,,,,,,,,,,
,,,,,,,,,,,,,,,,,,,,,,,,,,,,,,,,,,,,,,,,,,,,,,,,,,,,,,,,,,,,,,,
eodRLBDC@hleJm`I@bPndGi@JZnrJJKKIJJIQQZUKIQc`HjKJYZB@jijYh@JhX@@@,c1cc(ccc1c2nnc3n2c(cn(=O)c3)OCCc4ccc(c(c4)F)F)OC(F)F,C20H14N4O3F4,OSM-X-054,MMV668822,"<a href=""https://pubchem.ncbi.nlm.nih.gov/compound/76333078"">76333078</a>",76333078,"<a href=""https://www.ebi.ac.uk/chembl/compound/inspect/CHEMBL3137569"">CHEMBL3137569</a>",CHEMBL3137569,,4,"InChI=1S/C20H14F4N4O3/c21-15-6-1-12(9-16(15)22)7-8-30-18-11-27(29)10-17-25-26-19(28(17)18)13-2-4-14(5-3-13)31-20(23)24/h1-6,9-11,20H,7-8H2",CUNPWKYJVCNHNZ-UHFFFAOYSA-N,,,,,,,,,,,,,,,,,,,,,,,,,,,,,,,,,,,,,,,,,,,,,,,,,,,
,,,,,,,,,,,,,,,,,,,,,,,,,,,,,,,,,,,,,,,,,,,,,,,,,,,,,,,,,,,,,,,
edZZLF@LNK@dhDG`@aZPvdCi@FPadLddJTTTRRbfLJRdSRefWaPRTuruTaTCLAATURP@@@,FC(F)OC(C=C1)=CC=C1C2=NN=C3C=NC=C(NS(CC4=CC=C(C(F)(F)F)C=C4)(=O)=O)N32,C20H14F5N5O3S,OSM-X-092,MMV669103,"<a href=""https://pubchem.ncbi.nlm.nih.gov/compound/76333080"">76333080</a> ",76333080,"<a href=""https://www.ebi.ac.uk/chembl/compound/inspect/CHEMBL3137599"">CHEMBL3137599</a>",CHEMBL3137599,INHERITED,4,"InChI=1S/C20H14F5N5O3S/c21-19(22)33-15-7-3-13(4-8-15)18-28-27-16-9-26-10-17(30(16)18)29-34(31,32)11-12-1-5-14(6-2-12)20(23,24)25/h1-10,19,29H,11H2",ZOJHYLYRVAQAKL-UHFFFAOYSA-N,10,,,,,,,10,,,,,,,,,,,,,,,,,,,,,,,,,,,,,,,,,,,,,,,,,,,
,,,,,,,,,,,,,,,,,,,,,,,,,,,,,,,,,,,,,,,,,,,,,,,,,,,,,,,,,,,,,,,
fmoiB@M^Be\`RFQQIYIJJIQPpiYTY{HT}G@AUSTs@AXp@@,c1cc(ccc1CCOc2cncc3n2c(nn3)c4ccc(cc4)C#N)F,C20H14N5OF,OSM-W-010,N/A,"<a href=""https://pubchem.ncbi.nlm.nih.gov/compound/162393565"">162393565</a>",162393565,Not in ChEMBL,Not in ChEMBL,KH-13-1,4,"InChI=1S/C20H14FN5O/c21-17-7-3-14(4-8-17)9-10-27-19-13-23-12-18-24-25-20(26(18)19)16-5-1-15(11-22)2-6-16/h1-8,12-13H,9-10H2",YZWJDRUGHLMWSX-UHFFFAOYSA-N,,,,,0.159,0.123,,0.141,,,,,,,,,,,,,,,,,,,,,,,,,,,,,,,,,,,,,,,,,,,
,,,,,,,,,,,,,,,,,,,,,,,,,,,,,,,,,,,,,,,,,,,,,,,,,,,,,,,,,,,,,,,
ek`ZDD@C@hlceM`I@bPrJJKKIJJIQPpiSQc`HjKHYZB@jijY`BFF@@@,c1cc(cc(c1)C(=O)N)c2nnc3n2c(cnc3)OCCc4ccc(c(c4)F)F,C20H15N5O2F2,OSM-S-495,MMV1576794,"<a href=""https://pubchem.ncbi.nlm.nih.gov/compound/162345724"">162345724</a>",162345724,Not in ChEMBL,Not in ChEMBL,MK016-1,4,"InChI=1S/C20H15F2N5O2/c21-15-5-4-12(8-16(15)22)6-7-29-18-11-24-10-17-25-26-20(27(17)18)14-3-1-2-13(9-14)19(23)28/h1-5,8-11H,6-7H2,(H2,23,28)",SUVZMBHYRLCWQO-UHFFFAOYSA-N,,,,>10,,,,,,,,,,,,,,,,,,,,,,,,,,,,,,,,,,,,,,,,,,,,,,,
,,,,,,,,,,,,,,,,,,,,,,,,,,,,,,,,,,,,,,,,,,,,,,,,,,,,,,,,,,,,,,,
ek`ZDD@C@hlceM`I@bPrJJKKIJJIQPpiYQc`HjKHZZB@jijY`@fF@@@,c1cc(ccc1c2nnc3n2c(cnc3)OCCc4ccc(c(c4)F)F)C(=O)N,C20H15N5O2F2,OSM-S-494,MMV1576793,"<a href=""https://pubchem.ncbi.nlm.nih.gov/compound/162345723"">162345723</a>",162345723,Not in ChEMBL,Not in ChEMBL,MK014-1,4,"InChI=1S/C20H15F2N5O2/c21-15-6-1-12(9-16(15)22)7-8-29-18-11-24-10-17-25-26-20(27(17)18)14-4-2-13(3-5-14)19(23)28/h1-6,9-11H,7-8H2,(H2,23,28)",INLVQLIAJLYDGP-UHFFFAOYSA-N,,,,>10,,,,,,,,,,,,,,,,,,,,,,,,,,,,,,,,,,,,,,,,,,,,,,,
,,,,,,,,,,,,,,,,,,,,,,,,,,,,,,,,,,,,,,,,,,,,,,,,,,,,,,,,,,,,,,,
eodZDB@IKHdbmM`I@bPndGiCHhhlmLeEDhhXTleFNHjdbiehHBjijY`@jab@R@@,c1cc(ccc1c2nnc3n2c(cnc3)OC[C@@H](c4ccc(c(c4)F)F)N)OC(F)F,C20H15N5O2F4,OSM-X-010,MMV671651,"<a href=""https://pubchem.ncbi.nlm.nih.gov/compound/76329442"">76329442</a>",76329442,"<a href=""https://www.ebi.ac.uk/chembl/compound/inspect/CHEMBL3137645"">CHEMBL3137645</a>",CHEMBL3137645,INHERITED,4,"InChI=1S/C20H15F4N5O2/c21-14-6-3-12(7-15(14)22)16(25)10-30-18-9-26-8-17-27-28-19(29(17)18)11-1-4-13(5-2-11)31-20(23)24/h1-9,16,20H,10,25H2/t16-/m0/s1",BIGCWGPLTSPPFJ-INIZCTEOSA-N,0.2785,,,,,,,0.2785,,,,,,,,42,,23,,,,,41,,77,,,,,0.62,0.62,,,,1.6,2.7,12.5-25,6.3-12.5,,,,,,,,,,,,,
,,,,,,,,,,,,,,,,,,,,,,,,,,,,,,,,,,,,,,,,,,,,,,,,,,,,,,,,,,,,,,,
fcHa@MFlW@PRBIAIme]enU}eQRmyIU{j`@fjfj`@E@@@,c1ccc(cc1)CCOc2cncc3n2c(nn3)c4ccc(cc4)OC(F)F,C20H16N4O2F2,OSM-S-369,MMV897698,"<a href=""https://pubchem.ncbi.nlm.nih.gov/compound/162345713"">162345713</a>",162345713,Not in ChEMBL,Not in ChEMBL,"EGT 92-1, CG81-1, MK088-1",4,"InChI=1S/C20H16F2N4O2/c21-20(22)28-16-8-6-15(7-9-16)19-25-24-17-12-23-13-18(26(17)19)27-11-10-14-4-2-1-3-5-14/h1-9,12-13,20H,10-11H2",AVBCIJLYABLIRW-UHFFFAOYSA-N,,,,,,,,,,C,Yes,,,,5.13,26,,7,,9,,,66,,262,,187,,,0.72,0.85,0.83,,,,3.7,6.3-12.5,6.3-12.5,,,,,,,,,,,,,
,,,,,,,,,,,,,,,,,,,,,,,,,,,,,,,,,,,,,,,,,,,,,,,,,,,,,,,,,,,,,,,
ek`RLD@MCKBl@f`IABPR[YWY[e_nUDdl|RJvNj`@fjfjh@ARBj`@,OC(C1=CC=CC=C1)COC2=CN=CC3=NN=C(C4=CC=C(OC(F)F)C=C4)N32,C20H16N4O3F2,OSM-S-279,MMV688896,"<a href=""https://pubchem.ncbi.nlm.nih.gov/compound/162345709"">162345709</a>",162345709,Not in ChEMBL,Not in ChEMBL,AEW 236-1; EGT 119-2,4,"InChI=1S/C20H16F2N4O3/c21-20(22)29-15-8-6-14(7-9-15)19-25-24-17-10-23-11-18(26(17)19)28-12-16(27)13-4-2-1-3-5-13/h1-11,16,20,27H,12H2/t16-/m0/s1",GEHCMLKWLSBHDX-INIZCTEOSA-N,,,,0.364,,,,0.364,,B,Yes,,,,,246,,6,,,,,7,,278,,,,,0.22,0.86,,,,,2.9,25-50,25-50,,,68.5,,,,,,,,,,
,,,,,,,,,,,,,,,,,,,,,,,,,,,,,,,,,,,,,,,,,,,,,,,,,,,,,,,,,,,,,,,
eghRLL@MCKBhD@`@cZPndLddLrVTRfbRvTRTHdegbQRqrt@DuTuT@QB`@@,CS(=O)(=O)c1ccc(cc1)c2nnc3n2c(cnc3)OCCc4ccc(c(c4)F)F,C20H16N4O3F2S,OSM-W-005,N/A,"<a href=""https://pubchem.ncbi.nlm.nih.gov/compound/162345748"">162345748</a>",162345748,Not in ChEMBL,Not in ChEMBL,KH-7-1,4,"InChI=1S/C20H16F2N4O3S/c1-30(27,28)15-5-3-14(4-6-15)20-25-24-18-11-23-12-19(26(18)20)29-9-8-13-2-7-16(21)17(22)10-13/h2-7,10-12H,8-9H2,1H3",ISCYIQSGKXBNIC-UHFFFAOYSA-N,,,,,0.698,1.486,,1.092,,,,,,,,,,,,,,,,,,,,,,,,,,,,,,,,,,,,,,,,,,,
,,,,,,,,,,,,,,,,,,,,,,,,,,,,,,,,,,,,,,,,,,,,,,,,,,,,,,,,,,,,,,,
eghRLL@JECGHDE`@`zPndLddLRbRbffaRRqRbgacePwTruMULp@@AUL@@@,c1ccc(cc1)CCS(=O)(=O)c2cncc3n2c(nn3)c4ccc(cc4)OC(F)F,C20H16N4O3F2S,OSM-S-365,MMV693166,"<a href=""https://pubchem.ncbi.nlm.nih.gov/compound/162345711"">162345711</a>",162345711,Not in ChEMBL,Not in ChEMBL,EGT 60-1,4,"InChI=1S/C20H16F2N4O3S/c21-20(22)29-16-8-6-15(7-9-16)19-25-24-17-12-23-13-18(26(17)19)30(27,28)11-10-14-4-2-1-3-5-14/h1-9,12-13,20H,10-11H2",VHMNWOXAYNBRAI-UHFFFAOYSA-N,,,,>10,,,,,,C,No,,,,,,,,,,,,,,,,,,,,,,,,,,,,,,,,,,,,,,,,
,,,,,,,,,,,,,,,,,,,,,,,,,,,,,,,,,,,,,,,,,,,,,,,,,,,,,,,,,,,,,,,
fcIC@LBTXX@a\anPrQQJIJJZZEIKEJBlhvVu{TuTs@@@ETp@@@,c1ccc(cc1)CCSc2cncc3n2c(nn3)c4ccc(cc4)OC(F)F,C20H16N4OF2S,OSM-S-571,MMV1581336,"<a href=""https://pubchem.ncbi.nlm.nih.gov/compound/162345740"">162345740</a>",162345740,Not in ChEMBL,Not in ChEMBL,"EGT 52-2 (f6-10), MK087a",4,"InChI=1S/C20H16F2N4OS/c21-20(22)27-16-8-6-15(7-9-16)19-25-24-17-12-23-13-18(26(17)19)28-11-10-14-4-2-1-3-5-14/h1-9,12-13,20H,10-11H2",GFJJCWGNCVLFNL-UHFFFAOYSA-N,,,,1.05,,,,1.05,,,,,,,,,,,,,,,,,,,,,,,,,,,,,,,,,,,,,,,,,,,
,,,,,,,,,,,,,,,,,,,,,,,,,,,,,,,,,,,,,,,,,,,,,,,,,,,,,,,,,,,,,,,
ek`RDL@BIMKHI`@cZPNdLdfbTRTTttJRVJTd\tlJzZFZfjfX@@@jfB@B@@,c1ccc(cc1)CC[S@](=O)c2cncc3n2c(nn3)c4ccc(cc4)OC(F)F,C20H16N4O2F2S,OSM-S-364,MMV693167,"<a href=""https://pubchem.ncbi.nlm.nih.gov/compound/162345710"">162345710</a>",162345710,Not in ChEMBL,Not in ChEMBL,,4,"InChI=1S/C20H18F2N4O2S/c21-20(22)28-16-8-6-15(7-9-16)19-25-24-17-12-23-13-18(26(17)19)29(27)11-10-14-4-2-1-3-5-14/h1-9,12-13,20H,10-11,29H2",QIPNSNZPCXSNNQ-UHFFFAOYSA-N,,,,,,,,,,,,,,,,,,,,,,,,,,,,,,,,,,,,,,,,,,,,,,,,,,,
,,,,,,,,,,,,,,,,,,,,,,,,,,,,,,,,,,,,,,,,,,,,,,,,,,,,,,,,,,,,,,,
e`\ZDB@@bjnoiC@I@bPldGICHhhlmDeDXheECBedqpTMUt]]A@UUUMSL@EcD@d@@,c1cc(ccc1C#N)c2nnc3n2c(cnc3)OC[C@@H](c4ccc(c(c4)F)F)OC(F)F,C21H13N5O2F4,OSM-S-377,MMV670652,"<a href=""https://pubchem.ncbi.nlm.nih.gov/compound/71819646"">71819646</a>",71819646,"<a href=""https://www.ebi.ac.uk/chembl/compound/inspect/CHEMBL3137625"">CHEMBL3137625</a>",CHEMBL3137625,,4,"InChI=1S/C21H13F4N5O2/c22-15-6-5-14(7-16(15)23)17(32-21(24)25)11-31-19-10-27-9-18-28-29-20(30(18)19)13-3-1-12(8-26)2-4-13/h1-7,9-10,17,21H,11H2/t17-/m0/s1",LHSRVKYAEUESTK-KRWDZBQOSA-N,,,,,,,,,,,,,,,,,,,,,,,,,,,,,,,,,,,,,,,,,,,,,,,,,,,
,,,,,,,,,,,,,,,,,,,,,,,,,,,,,,,,,,,,,,,,,,,,,,,,,,,,,,,,,,,,,,,
ekhZHD@C@hlie@I@bPrJJKKIJJIQPpiSIc`HjKHY[XzB@jijY`BJFD@@,c1cc(cc2c1cc[nH]2)c3nnc4n3c(cnc4)OCCc5ccc(c(c5)F)F,C21H15N5OF2,OSM-S-525,MMV1579341,"<a href=""https://pubchem.ncbi.nlm.nih.gov/compound/132992883"">132992883</a>",132992883,Not in ChEMBL,Not in ChEMBL,"MK035-1, MK035-2",4,"InChI=1S/C21H15F2N5O/c22-16-4-1-13(9-17(16)23)6-8-29-20-12-24-11-19-26-27-21(28(19)20)15-3-2-14-5-7-25-18(14)10-15/h1-5,7,9-12,25H,6,8H2",VHFREJHLTSVZGA-UHFFFAOYSA-N,,,,,,,,,,,,,,,5.12,8,,4,,,,34,205,,417,,,,11,0.89,0.9,,,0.43,,3.4,3.1-6.3,3.1-6.3,,,,,,,,,,,,,
,,,,,,,,,,,,,,,,,,,,,,,,,,,,,,,,,,,,,,,,,,,,,,,,,,,,,,,,,,,,,,,
ekhZHD@C@hlee@I@bPrJJKKIJJIQPpqJIc`HjKJ[YXzB@jijY`HaFH@@,FC1=CC(CCOC2=CN=CC3=NN=C(C4=C5C(NC=C5)=CC=C4)N23)=CC=C1F,C21H15F2N5O,OSM-S-547,MMV1580432,Not Found,Not Found,Not in ChEMBL,Not in ChEMBL,MK064-1,4,"InChI=1S/C21H15F2N5O/c22-16-5-4-13(10-17(16)23)7-9-29-20-12-24-11-19-26-27-21(28(19)20)15-2-1-3-18-14(15)6-8-25-18/h1-6,8,10-12,25H,7,9H2",BAKHABOPVVJMJZ-UHFFFAOYSA-N,,,,4.9,,,,4.9,,,,,,,,,,,,,,,,,,,,,,,,,,,,,,,,,,,,,,,,,,,
,,,,,,,,,,,,,,,,,,,,,,,,,,,,,,,,,,,,,,,,,,,,,,,,,,,,,,,,,,,,,,,
eghZDD@GDljkiC@I@bPrJJKKQKJJIQPpiYL\IMYUK[PPEUTuLp@VLPBD@@,FC(C=C1)=C(F)C=C1C(OC)COC2=CN=CC3=NN=C(C4=CC=C(C#N)C=C4)N32,C21H15N5O2F2,OSM-S-218,MMV897709,"<a href=""https://pubchem.ncbi.nlm.nih.gov/compound/76333083"">76333083</a> <a href=""https://pubchem.ncbi.nlm.nih.gov/compound/132992881"">132992881</a>",76333083 & 132992881,"<a href=""https://www.ebi.ac.uk/chembl/compound/inspect/CHEMBL4575009"">CHEMBL4575009</a>, <a href=""https://www.ebi.ac.uk/chembl/compound/inspect/CHEMBL3137614"">CHEMBL3137614</a>","CHEMBL4575009, CHEMBL3137614",AEW 313-1,4,"InChI=1S/C21H15F2N5O2/c1-29-18(15-6-7-16(22)17(23)8-15)12-30-20-11-25-10-19-26-27-21(28(19)20)14-4-2-13(9-24)3-5-14/h2-8,10-11,18H,12H2,1H3/t18-/m0/s1",PERKBMZWWUEZNJ-SFHVURJKSA-N,0.04,,,,,,,0.04,,B,Yes,1.367,10,,5.2,37,,11,,,231,57,47,,159,,,7,14,0.65,0.77,,0.47,0.48,,3.4,12.5-25,12.5-25,,,70.3,,,,,,,,,99.9,<1.99
,,,,,,,,,,,,,,,,,,,,,,,,,,,,,,,,,,,,,,,,,,,,,,,,,,,,,,,,,,,,,,,
e`\RDJ@GDljcC`I@bPddGiCzPrJJKKR[JJIQPpiYJL\IMYUK[PPEUTuLp@UPq@HP@@,FC(F)OC(C=C1)=CC=C1C2=NN=C3C=NC=C(OCC(C)(F)C4=CC(F)=C(F)C=C4)N32,C21H15N4O2F5,OSM-X-006,MMV672727,"<a href=""https://pubchem.ncbi.nlm.nih.gov/compound/76314947"">76314947</a>",76314947,"<a href=""https://www.ebi.ac.uk/chembl/compound/inspect/CHEMBL3137559"">CHEMBL3137559</a>",CHEMBL3137559,INHERITED,4,"InChI=1S/C21H15F5N4O2/c1-21(26,13-4-7-15(22)16(23)8-13)11-31-18-10-27-9-17-28-29-19(30(17)18)12-2-5-14(6-3-12)32-20(24)25/h2-10,20H,11H2,1H3/t21-/m0/s1",MHMDPQOWBHVFHN-NRFANRHFSA-N,0.1228,,,,,,,0.1228,,,,,,,,31,,6,,,,,55,,273,,,,,0.69,0.85,,,,3.6,3.6,6.3-12.5,6.3-12.5,,,,,,,,,,,,,<1.9
,,,,,,,,,,,,,,,,,,,,,,,,,,,,,,,,,,,,,,,,,,,,,,,,,,,,,,,,,,,,,,,
ehRRLJ@ODljcKK`I@bPDdOi@FPrJJKIZIKQJIHjIKIQccHjikXzB@jjffZ`@jbRBQ@@,c1cc(ccc1c2nnc3n2ccnc3OC[C@H](CO)c4cc(c(cc4F)F)F)OC(F)F,C21H15N4O3F5,OSM-S-031,MMV1794638,"<a href=""https://pubchem.ncbi.nlm.nih.gov/compound/162345706"">162345706</a>",162345706,Not in ChEMBL,Not in ChEMBL,,4,"InChI=1S/C21H15F5N4O3/c22-15-8-17(24)16(23)7-14(15)12(9-31)10-32-20-19-29-28-18(30(19)6-5-27-20)11-1-3-13(4-2-11)33-21(25)26/h1-8,12,21,31H,9-10H2/t12-/m0/s1",NEIRZOMSGQEPFH-LBPRGKRZSA-N,,,,,,,,,,,,,,,,,,,,,,,,,,,,,,,,,,,,,,,,,,,,,,,,,,,
,,,,,,,,,,,,,,,,,,,,,,,,,,,,,,,,,,,,,,,,,,,,,,,,,,,,,,,,,,,,,,,
eodZDL@AKHdbmM`HbzP^dLbbRaTTLTRbaaRrThXbjRJfV`@jffif@BjF@@@,CN(Cc1cccc(c1)Cl)C(=O)c2cncc3n2c(nn3)c4ccc(cc4)OC(F)F,C21H16N5O2ClF2,OSM-X-036,MMV669105,"<a href=""https://pubchem.ncbi.nlm.nih.gov/compound/76333081"">76333081</a>",76333081,"<a href=""https://www.ebi.ac.uk/chembl/compound/inspect/CHEMBL3137601"">CHEMBL3137601</a>",CHEMBL3137601,INHERITED,4,"InChI=1S/C21H16ClF2N5O2/c1-28(12-13-3-2-4-15(22)9-13)20(30)17-10-25-11-18-26-27-19(29(17)18)14-5-7-16(8-6-14)31-21(23)24/h2-11,21H,12H2,1H3",UIQMDRDWZSXMKZ-UHFFFAOYSA-N,1.06,,,,,,,1.06,,,,,,,,,,,,,,,,,,,,,,,,,,,,,,,,,,,,,,,,,,,
,,,,,,,,,,,,,,,,,,,,,,,,,,,,,,,,,,,,,,,,,,,,,,,,,,,,,,,,,,,,,,,
eodRBD@MCKBl@em`IABPrJYQIYQJZIKZJJIDRRsqHjyzj@BZjZj`X@T`jh@@,FC(F)OC(C=C1)=CC=C1C2=NN=C3C=NC=C(OCC(C(O)=O)C4=CC=CC=C4)N32,C21H16N4O4F2,OSM-S-515,MMV1579336,"<a href=""https://pubchem.ncbi.nlm.nih.gov/compound/162345728"">162345728</a>",162345728,Not in ChEMBL,Not in ChEMBL,EGT 199-5,4,"InChI=1S/C21H16F2N4O4/c22-21(23)31-15-8-6-14(7-9-15)19-26-25-17-10-24-11-18(27(17)19)30-12-16(20(28)29)13-4-2-1-3-5-13/h1-11,16,21H,12H2,(H,28,29)/t16-/m1/s1",FICNFVPYGUTYFV-MRXNPFEDSA-N,,,,3.88,,,,3.88,,,,,,,<5,>255,,>255,,,,224,<7,,<7,,,,2,<0.22,<0.13,,,0.1,,1.3,6.3-12.5,25-50,,,,,,,,,,,,,
,,,,,,,,,,,,,,,,,,,,,,,,,,,,,,,,,,,,,,,,,,,,,,,,,,,,,,,,,,,,,,,
eodRDB@C@hleM`I@bPndGiCHhhlldhheECLeleFN@bhliehHBjfifB@ja`@@,Cc1c2nnc(n2c(cn1)OCCc3ccc(c(c3)F)F)c4ccc(cc4)OC(F)F,C21H16N4O2F4,OSM-X-063,MMV669541,"<a href=""https://pubchem.ncbi.nlm.nih.gov/compound/76311358"">76311358</a>",76311358,"<a href=""https://www.ebi.ac.uk/chembl/compound/inspect/CHEMBL3137609"">CHEMBL3137609</a>",CHEMBL3137609,INHERITED,4,"InChI=1S/C21H16F4N4O2/c1-12-19-27-28-20(14-3-5-15(6-4-14)31-21(24)25)29(19)18(11-26-12)30-9-8-13-2-7-16(22)17(23)10-13/h2-7,10-11,21H,8-9H2,1H3",ZOSZOZWECBRIDQ-UHFFFAOYSA-N,6.92,,,,,,,6.92,,,,,,,,,,,,,,,,,,,,,,,,,,,,,,,,,,,,,,,,,,,
,,,,,,,,,,,,,,,,,,,,,,,,,,,,,,,,,,,,,,,,,,,,,,,,,,,,,,,,,,,,,,,
e`\RLB@GDljiCC`I@bP^dOiCHhhlmIlhheECBedhqpdueTmmA@UUSTs@AUCD@a@@,FC(F)OC(C=C1)=CC=C1C2=NN=C3C=NC=C(OCC(C)(O)C4=CC(F)=C(F)C=C4)N32,C21H16N4O3F4,OSM-X-004,MMV672723,"<a href=""https://pubchem.ncbi.nlm.nih.gov/compound/76322229"">76322229</a>",76322229,"<a href=""https://www.ebi.ac.uk/chembl/compound/inspect/CHEMBL3137556"">CHEMBL3137556</a>",CHEMBL3137556,INHERITED,4,"InChI=1S/C21H16F4N4O3/c1-21(30,13-4-7-15(22)16(23)8-13)11-31-18-10-26-9-17-27-28-19(29(17)18)12-2-5-14(6-3-12)32-20(24)25/h2-10,20,30H,11H2,1H3/t21-/m0/s1",NBSLUXDUMZFLCA-NRFANRHFSA-N,0.1012,,,,,,,0.1012,,,,,,,,47,,18,,,,,37,,94,,,,,0.59,0.67,,,,2.9,2.9,12.5-25,12.5-25,,,,,,,,,,,,,
,,,,,,,,,,,,,,,,,,,,,,,,,,,,,,,,,,,,,,,,,,,,,,,,,,,,,,,,,,,,,,,
e`\RLB@GDljmCC`I@bP^dOiCHhhlmDehheECBedhqpdueTmmA@UUSTs@AUCD@e@@,FC(F)OC(C=C1)=CC=C1C2=NN=C3C=NC=C(OCC(CO)C4=CC(F)=C(F)C=C4)N32,C21H16N4O3F4,OSM-S-381,MMV670947,"<a href=""https://pubchem.ncbi.nlm.nih.gov/compound/76314954"">76314954</a>",76314954,"<a href=""https://www.ebi.ac.uk/chembl/compound/inspect/CHEMBL3137639"">CHEMBL3137639</a>",CHEMBL3137639,INHERITED,4,"InChI=1S/C21H16F4N4O3/c22-16-6-3-13(7-17(16)23)14(10-30)11-31-19-9-26-8-18-27-28-20(29(18)19)12-1-4-15(5-2-12)32-21(24)25/h1-9,14,21,30H,10-11H2/t14-/m0/s1",MKSKANAVVSFYNL-AWEZNQCLSA-N,0.02432,,,,,,,0.02432,,B,,,,,,,,,,,,,,8,,60,,,,,,,,,,,,,,,,,,,,,,,,,<1.9
,,,,,,,,,,,,,,,,,,,,,,,,,,,,,,,,,,,,,,,,,,,,,,,,,,,,,,,,,,,,,,,
ehRRBB@OLbfiCKK`I@bP~d@YCHhhlmIdmEDhhXTleFNLnbfmchHBjjfif@BjFHAB@@,FC(F)OC(C=C1)=CC=C1C2=NN=C3C=NC=C(OCC(CO)(O)C4=CC=C(F)C(F)=C4)N32,C21H16N4O4F4,OSM-S-560,MMV1581298,"<a href=""https://pubchem.ncbi.nlm.nih.gov/compound/162345739"">162345739</a>",162345739,Not in ChEMBL,Not in ChEMBL,DGS 77-1,4,"InChI=1S/C21H16F4N4O4/c22-15-6-3-13(7-16(15)23)21(31,10-30)11-32-18-9-26-8-17-27-28-19(29(17)18)12-1-4-14(5-2-12)33-20(24)25/h1-9,20,30-31H,10-11H2/t21-/m0/s1",GXKONCOXFIUYEL-NRFANRHFSA-N,,,,,,,,,,,,,,,,,,,,,,,,,,,,,,,,,,,,,,,,,,,,,,,,,,,
,,,,,,,,,,,,,,,,,,,,,,,,,,,,,,,,,,,,,,,,,,,,,,,,,,,,,,,,,,,,,,,
eghZDD@MCKBjlL`IABPrJYQIYQJZIQGQSIBRV^IUGWUP@SUSMU@@JPMH@,C[C@@H](c1ccccc1)NC(=O)c2cncc3n2c(nn3)c4ccc(cc4)OC(F)F,C21H17N5O2F2,OSM-X-571,MMV669021,"<a href=""https://pubchem.ncbi.nlm.nih.gov/compound/76314950"">76314950</a> <a href=""https://pubchem.ncbi.nlm.nih.gov/compound/76318581"">76318581</a>",76314950 & 76318581,"<a href=""https://www.ebi.ac.uk/chembl/compound/inspect/CHEMBL3137590"">CHEMBL3137590</a>, <a href=""https://www.ebi.ac.uk/chembl/compound/inspect/CHEMBL3137593"">CHEMBL3137593</a>","CHEMBL3137590, CHEMBL3137593",,4,"InChI=1S/C21H17F2N5O2/c1-13(14-5-3-2-4-6-14)25-20(29)17-11-24-12-18-26-27-19(28(17)18)15-7-9-16(10-8-15)30-21(22)23/h2-13,21H,1H3,(H,25,29)/t13-/m0/s1",MLKRVCDSVIMHCB-ZDUSSCGKSA-N,,,,,,,,,,,,,,,,,,,,,,,,,,,,,,,,,,,,,,,,,,,,,,,,,,,
,,,,,,,,,,,,,,,,,,,,,,,,,,,,,,,,,,,,,,,,,,,,,,,,,,,,,,,,,,,,,,,
eghZDD@MCKBjlL`IABPrJYQIYQJZIQGIQIBRV^IUGWUP@SUSMU@@J@@@,c1ccc(cc1)CCNC(=O)c2cncc3n2c(nn3)c4ccc(cc4)OC(F)F,C21H17N5O2F2,OSM-X-051,MMV669027,"<a href=""https://pubchem.ncbi.nlm.nih.gov/compound/76336713"">76336713</a>",76336713,"<a href=""https://www.ebi.ac.uk/chembl/compound/inspect/CHEMBL3137596"">CHEMBL3137596</a>",CHEMBL3137596,INHERITED,4,"InChI=1S/C21H17F2N5O2/c22-21(23)30-16-8-6-15(7-9-16)19-27-26-18-13-24-12-17(28(18)19)20(29)25-11-10-14-4-2-1-3-5-14/h1-9,12-13,21H,10-11H2,(H,25,29)",VPVKOTUNZQTQGJ-UHFFFAOYSA-N,3.17,,,,,,,3.17,,,,,,,,,,,,,,,,,,,,,,,,,,,,,,,,,,,,,,,,,,,
,,,,,,,,,,,,,,,,,,,,,,,,,,,,,,,,,,,,,,,,,,,,,,,,,,,,,,,,,,,,,,,
fcIA@CAcePI@dadTTVVRTTRbaaRrYpIXyGNB@jijY`@hX@@,CCc1ccc(cc1)c2nnc3n2c(cnc3)OCCc4ccc(c(c4)F)F,C21H18N4OF2,OSM-S-550,MMV1580435,"<a href=""https://pubchem.ncbi.nlm.nih.gov/compound/156024992"">156024992</a>",156024992,Not in ChEMBL,Not in ChEMBL,MK068-1,4,"InChI=1S/C21H18F2N4O/c1-2-14-3-6-16(7-4-14)21-26-25-19-12-24-13-20(27(19)21)28-10-9-15-5-8-17(22)18(23)11-15/h3-8,11-13H,2,9-10H2,1H3",GYRZMHSUHLZDJA-UHFFFAOYSA-N,,,,0.144,,,,0.144,,,,,,,,,,,,,,,,,,,,,,,,,,,,,,,,,,,,,,,,,,,
,,,,,,,,,,,,,,,,,,,,,,,,,,,,,,,,,,,,,,,,,,,,,,,,,,,,,,,,,,,,,,,
fcIA@MFmg@IADadTrbRrbTtRQRbREJwdyWnj@BZijj@@T@@,c1ccc(cc1)CCCc2cncc3n2c(nn3)c4ccc(cc4)OC(F)F,C21H18N4OF2,OSM-X-011,MMV669304,"<a href=""https://pubchem.ncbi.nlm.nih.gov/compound/76311357"">76311357</a>",76311357,"<a href=""https://www.ebi.ac.uk/chembl/compound/inspect/CHEMBL3137602"">CHEMBL3137602</a>",CHEMBL3137602,INHERITED,4,"InChI=1S/C21H18F2N4O/c22-21(23)28-18-11-9-16(10-12-18)20-26-25-19-14-24-13-17(27(19)20)8-4-7-15-5-2-1-3-6-15/h1-3,5-6,9-14,21H,4,7-8H2",FVXHZUZPPRAVJU-UHFFFAOYSA-N,0.28,,,,,,,0.28,,A,Yes,,,,,2,,2,,,,,961,,847,,,,,0.97,0.95,,,,3.5,3.4,6.3-12.5,6.3-12.5,,,,,,,,,,,,,
,,,,,,,,,,,,,,,,,,,,,,,,,,,,,,,,,,,,,,,,,,,,,,,,,,,,,,,,,,,,,,,
ek`RDD@MCKBl@`IABPR[YWY[e_fuDdl|RJvNj`@fjfjh@ARBh`@,FC(F)OC(C=C1)=CC=C1C2=NN=C3C=NC=C(OCC(C)C4=CC=CC=C4)N32,C21H18N4O2F2,OSM-S-607,MMV1634429,"<a href=""https://pubchem.ncbi.nlm.nih.gov/compound/162345744"">162345744</a>",162345744,Not in ChEMBL,Not in ChEMBL,MK148-1,4,"InChI=1S/C21H18F2N4O2/c1-14(15-5-3-2-4-6-15)13-28-19-12-24-11-18-25-26-20(27(18)19)16-7-9-17(10-8-16)29-21(22)23/h2-12,14,21H,13H2,1H3/t14-/m0/s1",YELIMUUXHYJNPF-AWEZNQCLSA-N,,,,0.627,,,,,,,,,,,,,,,,,,,,,,,,,,,,,,,,,,,,,,,,,,,,,,,
,,,,,,,,,,,,,,,,,,,,,,,,,,,,,,,,,,,,,,,,,,,,,,,,,,,,,,,,,,,,,,,
ek`RDD@MCKBl@`IABPR[YWY[e_VUDdl|RJvNj`@fjfjh@AP@@,c1ccc(cc1)CCCOc2cncc3n2c(nn3)c4ccc(cc4)OC(F)F,C21H18N4O2F2,OSM-S-578,MMV1581344,"<a href=""https://pubchem.ncbi.nlm.nih.gov/compound/162345741"">162345741</a>",162345741,Not in ChEMBL,Not in ChEMBL,EGT 353-1,4,"InChI=1S/C21H18F2N4O2/c22-21(23)29-17-10-8-16(9-11-17)20-26-25-18-13-24-14-19(27(18)20)28-12-4-7-15-5-2-1-3-6-15/h1-3,5-6,8-11,13-14,21H,4,7,12H2",JNQZAPNWBVAOJV-UHFFFAOYSA-N,,,,1.32,,,,1.32,,,,,,,,,,,,,,,,,,,,,,,,,,,,,,,,,,,,,,,,,,,
,,,,,,,,,,,,,,,,,,,,,,,,,,,,,,,,,,,,,,,,,,,,,,,,,,,,,,,,,,,,,,,
eghRLD@MCKBl@c`IABPR[YWY[e_YWQIKODbemjh@Ijijh@JE@@@,COc1ccc(cc1)CCOc2cncc3n2c(nn3)c4ccc(cc4)OC(F)F,C21H18N4O3F2,OSM-S-384,MMV897712,"<a href=""https://pubchem.ncbi.nlm.nih.gov/compound/162345715"">162345715</a>",162345715,Not in ChEMBL,Not in ChEMBL,EGT 148-1,4,"InChI=1S/C21H18F2N4O3/c1-28-16-6-2-14(3-7-16)10-11-29-19-13-24-12-18-25-26-20(27(18)19)15-4-8-17(9-5-15)30-21(22)23/h2-9,12-13,21H,10-11H2,1H3",LPQFPIUFNNSFCQ-UHFFFAOYSA-N,,,,0.928,,,,0.928,,C,Yes,,,,,,,,,,,,,,,,,,,,,,,,,,,,,,,,,,,,,,,,
,,,,,,,,,,,,,,,,,,,,,,,,,,,,,,,,,,,,,,,,,,,,,,,,,,,,,,,,,,,,,,,
eghRLD@MCKBl@m`IABPR[YWY[e_YVqIKODbecjh@Ijijh@bE@@@,COc1cccc(c1)CCOc2cncc3n2c(nn3)c4ccc(cc4)OC(F)F,C21H18N4O3F2,OSM-S-383,MMV897711,"<a href=""https://pubchem.ncbi.nlm.nih.gov/compound/129012035"">129012035</a>",129012035,Not in ChEMBL,Not in ChEMBL,EGT 147-1,4,"InChI=1S/C21H18F2N4O3/c1-28-17-4-2-3-14(11-17)9-10-29-19-13-24-12-18-25-26-20(27(18)19)15-5-7-16(8-6-15)30-21(22)23/h2-8,11-13,21H,9-10H2,1H3",QAMQLYPPZOESDX-UHFFFAOYSA-N,,,,0.135,,,,0.135,,C,Yes,,,,,,,,,,,,,,,,,,,,,,,,,,,,,,,,,,,,,,,,
,,,,,,,,,,,,,,,,,,,,,,,,,,,,,,,,,,,,,,,,,,,,,,,,,,,,,,,,,,,,,,,
eghRLD@MCKBl@e`IABPR[YWY[e_fUqIKODbckjh@IjijjB@EHJb@@,FC(F)OC(C=C1)=CC=C1C2=NN=C3C=NC=C(OCC(CO)C4=CC=CC=C4)N32,C21H18N4O3F2,OSM-S-353,MMV693155,"<a href=""https://pubchem.ncbi.nlm.nih.gov/compound/129012034"">129012034</a>",129012034,Not in ChEMBL,Not in ChEMBL,AEW 270-1; AEW 294-1; AEW 317-1; EGT 198-1,4,"InChI=1S/C21H18F2N4O3/c22-21(23)30-17-8-6-15(7-9-17)20-26-25-18-10-24-11-19(27(18)20)29-13-16(12-28)14-4-2-1-3-5-14/h1-11,16,21,28H,12-13H2/t16-/m0/s1",MGANJQKOPZQELF-INIZCTEOSA-N,,,0.073,0.134,,,,0.1035,,B,Yes,,,,4.68,35,,5,,,,29,49,,361,,,,13,0.66,0.89,,,0.47,,2.8,25-50,12.5-25,,,72,,,,,,,,,,
,,,,,,,,,,,,,,,,,,,,,,,,,,,,,,,,,,,,,,,,,,,,,,,,,,,,,,,,,,,,,,,
eodRBD@MCKBl@fm`IABPR[YWY[e_ke\RRsqHjyzj@BZjZjhH@T`jh@@,FC(F)OC(C=C1)=CC=C1C2=NN=C3C=NC=C(OCC(CO)(O)C4=CC=CC=C4)N32,C21H18N4O4F2,OSM-S-556,MMV1581295,"<a href=""https://pubchem.ncbi.nlm.nih.gov/compound/156024993"">156024993</a>",156024993,Not in ChEMBL,Not in ChEMBL,"DGS 63-5, DGS 81-1",4,"InChI=1S/C21H18F2N4O4/c22-20(23)31-16-8-6-14(7-9-16)19-26-25-17-10-24-11-18(27(17)19)30-13-21(29,12-28)15-4-2-1-3-5-15/h1-11,20,28-29H,12-13H2/t21-/m0/s1",LVBNVRWXODMMAV-NRFANRHFSA-N,,,,,,,,,,,,,,,,116,,41,,38,,,15,,42,,45,,,0.37,0.48,0.54,,,,2.3,25-50,50-100,,,,,,,,,,,,,
,,,,,,,,,,,,,,,,,,,,,,,,,,,,,,,,,,,,,,,,,,,,,,,,,,,,,,,,,,,,,,,
ek`ZHD@C@hlie@I@bPrJJKKIJJIQPpiSQc`HjKHYZB@jijY`BJF@@@,FC1=CC(CCOC2=CN=CC3=NN=C(C4=CC(N(C)C)=CC=C4)N32)=CC=C1F,C21H19F2N5O,OSM-S-545,MMV1580430,Not Found,Not Found,Not in ChEMBL,Not in ChEMBL,MK062-1,4,"InChI=1S/C21H19F2N5O/c1-27(2)16-5-3-4-15(11-16)21-26-25-19-12-24-13-20(28(19)21)29-9-8-14-6-7-17(22)18(23)10-14/h3-7,10-13H,8-9H2,1-2H3",CHKSIGXRRUITRE-UHFFFAOYSA-N,,,,7,,,,7,,,,,,,,,,,,,,,,,,,,,,,,,,,,,,,,,,,,,,,,,,,
,,,,,,,,,,,,,,,,,,,,,,,,,,,,,,,,,,,,,,,,,,,,,,,,,,,,,,,,,,,,,,,
ek`ZHD@C@hlee@I@bPrJJKKIJJIQPpiYQc`HjKHZZB@jijY`@jF@@@,FC1=CC(CCOC2=CN=CC3=NN=C(C4=CC=C(N(C)C)C=C4)N32)=CC=C1F,C21H19F2N5O,OSM-S-531,MMV1579351,Not Found,Not Found,Not in ChEMBL,Not in ChEMBL,MK054-1,4,"InChI=1S/C21H19F2N5O/c1-27(2)16-6-4-15(5-7-16)21-26-25-19-12-24-13-20(28(19)21)29-10-9-14-3-8-17(22)18(23)11-14/h3-8,11-13H,9-10H2,1-2H3",DWKVYGNKXDMKJI-UHFFFAOYSA-N,,,,5.53,,,,5.53,,,,,,,,,,,,,,,,,,,,,,,,,,,,,,,,,,,,,,,,,,,
,,,,,,,,,,,,,,,,,,,,,,,,,,,,,,,,,,,,,,,,,,,,,,,,,,,,,,,,,,,,,,,
ehZRLB@OLbfcKK`I@bP~d@YCHhhlmHmeEDhhXTleFNECLnbfmchHBjjfif@BjI`@@,c1cc(ccc1c2nnc3n2c(cnc3)OCC4(COC4)c5ccc(c(c5)F)F)OC(F)F,C22H16N4O3F4,OSM-X-022,MMV670438,"<a href=""https://pubchem.ncbi.nlm.nih.gov/compound/76311362"">76311362</a>",76311362,"<a href=""https://www.ebi.ac.uk/chembl/compound/inspect/CHEMBL3137624"">CHEMBL3137624</a>",CHEMBL3137624,INHERITED,4,"InChI=1S/C22H16F4N4O3/c23-16-6-3-14(7-17(16)24)22(10-31-11-22)12-32-19-9-27-8-18-28-29-20(30(18)19)13-1-4-15(5-2-13)33-21(25)26/h1-9,21H,10-12H2",OJUVKHOEBUOJFA-UHFFFAOYSA-N,0.4833,,,,,,,0.4833,,,,,,,,53,,14,,,,,33,8,120,60,,,,0.56,0.72,,,,3,2.9,12.5-25,12.5-25,,,,,,,,,,,,,
,,,,,,,,,,,,,,,,,,,,,,,,,,,,,,,,,,,,,,,,,,,,,,,,,,,,,,,,,,,,,,,
egdZHD@C@hlie@I@bPrJJKKIJJIQPpiSQL\AEQYCK[WPPEUMSL@QTLH@@,FC1=CC(CCOC2=CN=CC3=NN=C(C4=CC5=C(C=C4)C=CN5C)N32)=CC=C1F,C22H17F2N5O,OSM-S-582,MMV1581331,Not Found,Not Found,Not in ChEMBL,Not in ChEMBL,MK079-1,4,"InChI=1S/C22H17F2N5O/c1-28-8-6-15-3-4-16(11-19(15)28)22-27-26-20-12-25-13-21(29(20)22)30-9-7-14-2-5-17(23)18(24)10-14/h2-6,8,10-13H,7,9H2,1H3",YDNZCOWSOGIBPE-UHFFFAOYSA-N,,,,0.375,,,,0.375,,,,,,,,,,,,,,,,,,,,,,,,,,,,,,,,,,,,,,,,,,,
,,,,,,,,,,,,,,,,,,,,,,,,,,,,,,,,,,,,,,,,,,,,,,,,,,,,,,,,,,,,,,,
egjRDD@MCKBl@`IABPR[YWY[e_ZYqIKODbaeimicmkckjh@IjijjjjEjh@@,c1cc(ccc1c2nnc3n2c(cnc3)OCCC45C6C7C4C8C7C6C58)OC(F)F,C22H18N4O2F2,OSM-S-371,MMV897700,"<a href=""https://pubchem.ncbi.nlm.nih.gov/compound/162345714"">162345714</a>",162345714,Not in ChEMBL,Not in ChEMBL,EGT 65-1,4,"InChI=1S/C22H18F2N4O2/c23-21(24)30-10-3-1-9(2-4-10)20-27-26-11-7-25-8-12(28(11)20)29-6-5-22-17-14-13-15(17)19(22)16(13)18(14)22/h1-4,7-8,13-19,21H,5-6H2",RXAWCKZPAXRRNE-UHFFFAOYSA-N,,,,0.372,,,,0.372,,C,Yes,,,,5.37,9,,3,,,,26,197,,573,,,,14,0.89,0.92,,,0.5,,4.3,1.6-3.1,<1.6,,,,,,,,,,,,,
,,,,,,,,,,,,,,,,,,,,,,,,,,,,,,,,,,,,,,,,,,,,,,,,,,,,,,,,,,,,,,,
ehRZDB@IOLbfkK`I@bP~d@YCHhhlmEDUEDhhXTleFNLnbfmchHBjjfif@BjFHAB@@,FC1=C(C=CC(C(COC2=CN=CC3=NN=C(N32)C4=CC=C(OC(F)F)C=C4)N(C)C)=C1)F,C22H19N5O2F4,OSM-S-389,MMV897763,"<a href=""https://pubchem.ncbi.nlm.nih.gov/compound/71819647"">71819647</a> <a href=""https://pubchem.ncbi.nlm.nih.gov/compound/129012036"">129012036</a>",71819647 & 129012036,"<a href=""https://www.ebi.ac.uk/chembl/compound/inspect/CHEMBL3137623"">CHEMBL3137623</a>",CHEMBL3137623,EGT 169-1,4,"InChI=1S/C22H19F4N5O2/c1-30(2)18(14-5-8-16(23)17(24)9-14)12-32-20-11-27-10-19-28-29-21(31(19)20)13-3-6-15(7-4-13)33-22(25)26/h3-11,18,22H,12H2,1-2H3/t18-/m0/s1",PMIWBIXSAYKRGF-SFHVURJKSA-N,,,,0.189,,,,0.189,,B,Yes,,,,,7,,4,,,,,264,,478,,,,,0.91,0.91,,,,,3.5,12.5-25,6.3-12.5,,,79.1,,,,,,,,,,
,,,,,,,,,,,,,,,,,,,,,,,,,,,,,,,,,,,,,,,,,,,,,,,,,,,,,,,,,,,,,,,
e`\RBD@MCKBl@mc`IABPrJYQIYQJZIKZQQIHbRV^IEO_UP@SUSUUAP@h@@@,c1ccc(cc1)C(CO)(CO)COc2cncc3n2c(nn3)c4ccc(cc4)OC(F)F,C22H20N4O4F2,OSM-S-609,MMV1634435,"<a href=""https://pubchem.ncbi.nlm.nih.gov/compound/162345746"">162345746</a>",162345746,Not in ChEMBL,Not in ChEMBL,"MK150-1a, MK155-1",4,"InChI=1S/C22H20F2N4O4/c23-21(24)32-17-8-6-15(7-9-17)20-27-26-18-10-25-11-19(28(18)20)31-14-22(12-29,13-30)16-4-2-1-3-5-16/h1-11,21,29-30H,12-14H2",JCCXTGDCGIGQKA-UHFFFAOYSA-N,,,,6.132,,,,,,,,,,,,,,,,,,,,,,,,,,,,,,,,,,,,,,,,,,,,,,,
,,,,,,,,,,,,,,,,,,,,,,,,,,,,,,,,,,,,,,,,,,,,,,,,,,,,,,,,,,,,,,,
e`\ZLD@MCKBgl@e`IABPR[YWY[e_fU}Ddl|RJNnj`@fjfjhHBaRBj@@,CNc1ccc(cc1)[C@@H](CO)COc2cncc3n2c(nn3)c4ccc(cc4)OC(F)F,C22H21N5O3F2,OSM-S-541,MMV1634427,"<a href=""https://pubchem.ncbi.nlm.nih.gov/compound/162345732"">162345732</a>",162345732,Not in ChEMBL,Not in ChEMBL,,4,"InChI=1S/C22H21F2N5O3/c1-25-17-6-2-14(3-7-17)16(12-30)13-31-20-11-26-10-19-27-28-21(29(19)20)15-4-8-18(9-5-15)32-22(23)24/h2-11,16,22,25,30H,12-13H2,1H3/t16-/m0/s1",YOPBTMOYZOBXTE-INIZCTEOSA-N,,,,,,,,,,,,,,,,,,,,,,,,,,,,,,,,,,,,,,,,,,,,,,,,,,,
,,,,,,,,,,,,,,,,,,,,,,,,,,,,,,,,,,,,,,,,,,,,,,,,,,,,,,,,,,,,,,,
elVZDB@IHjfakO`I@bPadDYCHhhlmEDdcEDhhXTleFNJifakghHBjjjZfX@JhX`DH@@,FC(F)OC(C=C1)=CC=C1C2=NN=C3C=NC=C(OCC(N(CC)CC)C4=CC(F)=C(F)C=C4)N32,C24H23N5O2F4,OSM-S-430,MMV1576791,"<a href=""https://pubchem.ncbi.nlm.nih.gov/compound/162345722"">162345722</a>",162345722,Not in ChEMBL,Not in ChEMBL,EGT 181-3,4,"InChI=1S/C24H23F4N5O2/c1-3-32(4-2)20(16-7-10-18(25)19(26)11-16)14-34-22-13-29-12-21-30-31-23(33(21)22)15-5-8-17(9-6-15)35-24(27)28/h5-13,20,24H,3-4,14H2,1-2H3/t20-/m0/s1",FFKUJTSUMDVIQH-FQEVSTJZSA-N,,,,>10,,,,,,,,,,,,,,,,,,,,,,,,,,,,,,,,,,,,,,,,,,,,,,,